INSERT INTO `t_carriage` (`id`, `train_id`, `carriage_number`, `carriage_type`, `seat_count`, `create_time`,
                          `update_time`, `del_flag`)
VALUES (1, 1, '01', 0, 5, '2023-06-01 20:50:00', '2023-06-01 20:50:00', 0),
       (2, 1, '02', 1, 28, '2023-06-01 20:50:00', '2023-06-01 20:50:00', 0),
       (3, 1, '03', 1, 28, '2023-06-01 20:50:00', '2023-06-01 20:50:00', 0),
       (4, 1, '04', 1, 28, '2023-06-01 20:50:00', '2023-06-01 20:50:00', 0),
       (5, 1, '05', 1, 28, '2023-06-01 20:50:00', '2023-06-01 20:50:00', 0),
       (6, 1, '06', 1, 28, '2023-06-01 20:50:00', '2023-06-01 20:50:00', 0),
       (7, 1, '07', 2, 90, '2023-06-01 20:50:00', '2023-06-01 20:50:00', 0),
       (8, 1, '08', 2, 90, '2023-06-01 20:50:00', '2023-06-01 20:50:00', 0),
       (9, 1, '09', 2, 90, '2023-06-01 20:50:00', '2023-06-01 20:50:00', 0),
       (10, 1, '10', 2, 90, '2023-06-01 20:50:00', '2023-06-01 20:50:00', 0),
       (11, 1, '11', 2, 90, '2023-06-01 20:50:00', '2023-06-01 20:50:00', 0),
       (12, 1, '12', 2, 90, '2023-06-01 20:50:00', '2023-06-01 20:50:00', 0),
       (13, 1, '13', 2, 90, '2023-06-01 20:50:00', '2023-06-01 20:50:00', 0),
       (14, 1, '14', 2, 90, '2023-06-01 20:50:00', '2023-06-01 20:50:00', 0),
       (15, 1, '15', 2, 90, '2023-06-01 20:50:00', '2023-06-01 20:50:00', 0),
       (16, 1, '16', 0, 5, '2023-06-01 20:50:00', '2023-06-01 20:50:00', 0),
       (17, 2, '01', 0, 5, '2023-06-01 20:50:00', '2023-06-01 20:50:00', 0),
       (18, 2, '02', 1, 28, '2023-06-01 20:50:00', '2023-06-01 20:50:00', 0),
       (19, 2, '03', 1, 28, '2023-06-01 20:50:00', '2023-06-01 20:50:00', 0),
       (20, 2, '04', 1, 28, '2023-06-01 20:50:00', '2023-06-01 20:50:00', 0),
       (21, 2, '05', 1, 28, '2023-06-01 20:50:00', '2023-06-01 20:50:00', 0),
       (22, 2, '06', 1, 28, '2023-06-01 20:50:00', '2023-06-01 20:50:00', 0),
       (23, 2, '07', 2, 90, '2023-06-01 20:50:00', '2023-06-01 20:50:00', 0),
       (24, 2, '08', 2, 90, '2023-06-01 20:50:00', '2023-06-01 20:50:00', 0),
       (25, 2, '09', 2, 90, '2023-06-01 20:50:00', '2023-06-01 20:50:00', 0),
       (26, 2, '10', 2, 90, '2023-06-01 20:50:00', '2023-06-01 20:50:00', 0),
       (27, 2, '11', 2, 90, '2023-06-01 20:50:00', '2023-06-01 20:50:00', 0),
       (28, 2, '12', 2, 90, '2023-06-01 20:50:00', '2023-06-01 20:50:00', 0),
       (29, 2, '13', 2, 90, '2023-06-01 20:50:00', '2023-06-01 20:50:00', 0),
       (30, 2, '14', 2, 90, '2023-06-01 20:50:00', '2023-06-01 20:50:00', 0),
       (31, 2, '15', 2, 90, '2023-06-01 20:50:00', '2023-06-01 20:50:00', 0),
       (32, 2, '16', 0, 5, '2023-06-01 20:50:00', '2023-06-01 20:50:00', 0),
       (33, 3, '01', 3, 24, '2023-07-08 13:17:02', '2023-07-08 13:17:02', 0),
       (34, 3, '02', 3, 24, '2023-07-08 13:17:02', '2023-07-08 13:17:02', 0),
       (35, 3, '03', 3, 24, '2023-07-08 13:17:02', '2023-07-08 13:17:02', 0),
       (36, 3, '04', 3, 24, '2023-07-08 13:17:02', '2023-07-08 13:17:02', 0),
       (37, 3, '05', 4, 32, '2023-07-08 13:17:02', '2023-07-08 13:17:02', 0),
       (38, 3, '06', 4, 32, '2023-07-08 13:17:02', '2023-07-08 13:17:02', 0),
       (39, 3, '07', 4, 32, '2023-07-08 13:17:02', '2023-07-08 13:17:02', 0),
       (40, 3, '08', 4, 32, '2023-07-08 13:17:02', '2023-07-08 13:17:02', 0),
       (41, 3, '09', 4, 32, '2023-07-08 13:17:02', '2023-07-08 13:17:02', 0),
       (42, 3, '10', 4, 32, '2023-07-08 13:17:02', '2023-07-08 13:17:02', 0),
       (43, 3, '11', 5, 36, '2023-07-08 13:17:02', '2023-07-08 13:17:02', 0),
       (44, 3, '12', 5, 36, '2023-07-08 13:17:02', '2023-07-08 13:17:02', 0),
       (45, 3, '13', 5, 36, '2023-07-08 13:17:02', '2023-07-08 13:17:02', 0),
       (46, 3, '14', 5, 36, '2023-07-08 13:17:02', '2023-07-08 13:17:02', 0),
       (47, 3, '15', 5, 36, '2023-07-08 13:17:02', '2023-07-08 13:17:02', 0),
       (48, 3, '16', 5, 36, '2023-07-08 13:17:02', '2023-07-08 13:17:02', 0),
       (49, 4, '01', 6, 24, '2023-07-08 22:41:14', '2023-07-08 22:41:14', 0),
       (50, 4, '02', 6, 24, '2023-07-08 22:41:14', '2023-07-08 22:41:14', 0),
       (51, 4, '03', 6, 24, '2023-07-08 22:41:14', '2023-07-08 22:41:14', 0),
       (52, 4, '04', 6, 24, '2023-07-08 22:41:14', '2023-07-08 22:41:14', 0),
       (53, 4, '05', 7, 32, '2023-07-08 22:41:14', '2023-07-08 22:41:14', 0),
       (54, 4, '06', 7, 32, '2023-07-08 22:41:14', '2023-07-08 22:41:14', 0),
       (55, 4, '07', 7, 32, '2023-07-08 22:41:14', '2023-07-08 22:41:14', 0),
       (56, 4, '08', 7, 32, '2023-07-08 22:41:14', '2023-07-08 22:41:14', 0),
       (57, 4, '09', 7, 32, '2023-07-08 22:41:14', '2023-07-08 22:41:14', 0),
       (58, 4, '10', 7, 32, '2023-07-08 22:41:14', '2023-07-08 22:41:14', 0),
       (59, 4, '11', 8, 36, '2023-07-08 22:41:14', '2023-07-08 22:41:14', 0),
       (60, 4, '12', 8, 36, '2023-07-08 22:41:14', '2023-07-08 22:41:14', 0),
       (61, 4, '13', 8, 36, '2023-07-08 22:41:14', '2023-07-08 22:41:14', 0),
       (62, 4, '14', 8, 36, '2023-07-08 22:41:14', '2023-07-08 22:41:14', 0),
       (63, 4, '15', 8, 36, '2023-07-08 22:41:14', '2023-07-08 22:41:14', 0),
       (64, 4, '16', 8, 36, '2023-07-08 22:41:14', '2023-07-08 22:41:14', 0);

INSERT INTO `t_region` (`id`, `name`, `full_name`, `code`, `initial`, `spell`, `create_time`,
                        `update_time`, `del_flag`)
VALUES (1, '北京', '北京市', 'BJP', 'B', 'beijing', '2023-06-01 20:50:00', '2023-06-01 20:50:00', 0),
       (2, '济南', '济南市', 'JNK', 'J', 'jinan', '2023-06-01 20:50:00', '2023-06-01 20:50:00', 0),
       (3, '南京', '南京市', 'NJH', 'N', 'nanjing', '2023-06-01 20:50:00', '2023-06-01 20:50:00', 0),
       (4, '杭州', '杭州市', 'HZH', 'H', 'hangzhou', '2023-06-01 20:50:00', '2023-06-01 20:50:00', 0),
       (5, '宁波', '宁波市', 'NGH', 'N', 'ningbo', '2023-06-01 20:50:00', '2023-06-01 20:50:00', 0),
       (6, '天津', '天津市', 'TJP', 'T', 'tianjing', '2023-06-01 20:50:00', '2023-06-01 20:50:00', 0),
       (7, '嘉兴', '嘉兴市', 'JXH', 'J', 'jiaxing', '2023-06-01 20:50:00', '2023-06-01 20:50:00', 0),
       (8, '海宁', '海宁市', 'HNH', 'H', 'haining', '2023-06-01 20:50:00', '2023-06-01 20:50:00', 0);

INSERT INTO `t_station` (`id`, `station_code`, `station_name`, `spell`, `region_code`, `region_name`, `create_time`, `update_time`,
                         `del_flag`)
VALUES (1, 'VNP', '北京南', 'beijingnan', 'BJP', '北京', '2023-06-01 20:54:00', '2023-06-01 20:54:00', 0),
       (2, 'JGK', '济南西', 'jinanxi', 'JNK', '济南', '2023-06-01 20:54:00', '2023-06-01 20:54:00', 0),
       (3, 'NKH', '南京南', 'nanjingnan', 'NJH', '南京', '2023-06-01 20:54:00', '2023-06-01 20:54:00', 0),
       (4, 'HGH', '杭州东', 'hangzhoudong', 'HZH', '杭州', '2023-06-01 20:54:00', '2023-06-01 20:54:00', 0),
       (5, 'NGH', '宁波', 'ningbo', 'NGH', '宁波', '2023-06-01 20:54:00', '2023-06-01 20:54:00', 0),
       (6, 'BJP', '北京', 'beijing', 'BJP', '北京', '2023-06-01 20:54:00', '2023-06-01 20:54:00', 0),
       (7, 'DZP', '德州', 'dezhou', 'DZP', '德州', '2023-06-01 20:54:00', '2023-06-01 20:54:00', 0),
       (8, 'NJH', '南京', 'nanjing', 'NJH', '南京', '2023-06-01 20:54:00', '2023-06-01 20:54:00', 0),
       (9, 'JXH', '嘉兴', 'jiaxing', 'JXH', '嘉兴', '2023-06-01 20:54:00', '2023-06-01 20:54:00', 0),
       (10, 'HNH', '海宁', 'haining', 'HNH', '海宁', '2023-06-01 20:54:00', '2023-06-01 20:54:00', 0),
       (11, 'HZH', '杭州', 'hangzhou', 'HZH', '杭州', '2023-06-01 20:54:00', '2023-06-01 20:54:00', 0);

INSERT INTO `t_train` (`id`, `train_number`, `train_type`, `train_tag`, `train_brand`, `start_station`, `end_station`,
                       `start_region`, `end_region`, `sale_time`, `sale_status`, `departure_time`, `arrival_time`,
                       `create_time`, `update_time`, `del_flag`)
VALUES (1, 'G35', 0, '0,1,2', '0,6', '北京南', '宁波', '北京', '宁波', '2023-05-15 14:30:00', 0, '2023-06-01 09:56:00',
        '2023-06-01 15:14:00', '2023-06-01 20:45:00', '2023-06-01 20:45:00', 0),
       (2, 'G39', 0, '0,3', '1,6', '北京南', '杭州东', '北京', '杭州', '2023-05-15 14:30:00', 0, '2023-06-01 19:04:00',
        '2023-06-01 23:22:00', '2023-06-01 20:45:00', '2023-06-01 20:45:00', 0),
       (3, 'D717', 1, '0', '6', '北京', '杭州', '北京', '杭州', '2023-05-15 14:30:00', 0, '2023-06-01 19:16:00',
        '2023-06-02 09:00:00', '2023-06-01 20:45:00', '2023-06-01 20:45:00', 0),
       (4, 'Z284', 2, '0', '6', '北京', '杭州', '北京', '杭州', '2023-05-15 14:30:00', 0, '2023-06-01 18:56:00',
        '2023-06-02 10:57:00', '2023-06-01 20:45:00', '2023-06-01 20:45:00', 0);

INSERT INTO `t_train_station` (`id`, `train_id`, `station_id`, `sequence`, `start_station`, `end_station`, `start_region`,
                               `end_region`, `arrival_time`, `departure_time`, `stopover_time`, `create_time`,
                               `update_time`, `del_flag`)
VALUES (1, 1, 1, '01', '北京南', '济南西', '北京', '济南', '2023-06-01 09:56:00', '2023-06-01 09:56:00', NULL,
        '2023-06-01 20:45:00', '2023-06-01 20:45:00', 0),
       (2, 1, 2, '02', '济南西', '南京南', '济南', '南京', '2023-06-01 11:19:00', '2023-06-01 11:21:00', 2,
        '2023-06-01 20:45:00', '2023-06-01 20:45:00', 0),
       (3, 1, 3, '03', '南京南', '杭州东', '南京', '杭州', '2023-06-01 13:20:00', '2023-06-01 13:22:00', 2,
        '2023-06-01 20:45:00', '2023-06-01 20:45:00', 0),
       (4, 1, 4, '04', '杭州东', '宁波', '杭州', '宁波', '2023-06-01 14:26:00', '2023-06-01 14:28:00', 2,
        '2023-06-01 20:45:00', '2023-06-01 20:45:00', 0),
       (5, 1, 5, '05', '宁波', NULL, '宁波', NULL, '2023-06-01 15:14:00', '2023-06-01 15:14:00', NULL,
        '2023-06-01 20:45:00', '2023-06-01 20:45:00', 0),
       (6, 2, 1, '01', '北京南', '南京南', '北京', '南京', '2023-06-01 19:04:00', '2023-06-01 19:04:00', NULL,
        '2023-06-01 20:45:00', '2023-06-01 20:45:00', 0),
       (7, 2, 3, '02', '南京南', '杭州东', '南京', '杭州', '2023-06-01 22:17:00', '2023-06-01 22:20:00', 3,
        '2023-06-01 20:45:00', '2023-06-01 20:45:00', 0),
       (8, 2, 4, '03', '杭州东', NULL, '杭州', NULL, '2023-06-01 23:22:00', '2023-06-01 23:22:00', NULL,
        '2023-06-01 20:45:00', '2023-06-01 20:45:00', 0),
       (9, 3, 6, '01', '北京', '德州', '北京', '德州', '2023-06-01 19:16:00', '2023-06-01 19:16:00', NULL,
        '2023-07-08 14:05:05', '2023-07-08 14:05:05', 0),
       (10, 3, 7, '02', '德州', '南京', '德州', '南京', '2023-06-01 22:19:00', '2023-06-01 22:21:00', 2,
        '2023-07-08 14:05:05', '2023-07-08 14:05:05', 0),
       (11, 3, 8, '03', '南京', '嘉兴', '南京', '嘉兴', '2023-06-02 04:46:00', '2023-06-02 04:52:00', 6,
        '2023-07-08 14:05:05', '2023-07-08 14:05:05', 0),
       (12, 3, 9, '04', '嘉兴', '海宁', '嘉兴', '海宁', '2023-06-02 07:56:00', '2023-06-02 07:58:00', 2,
        '2023-07-08 14:05:05', '2023-07-08 14:05:05', 0),
       (13, 3, 10, '05', '海宁', '杭州', '海宁', '杭州', '2023-06-02 08:14:00', '2023-06-02 08:16:00', 2,
        '2023-07-08 14:05:05', '2023-07-08 14:05:05', 0),
       (14, 3, 11, '06', '杭州', NULL, '杭州', NULL, '2023-06-02 09:00:00', '2023-06-02 09:00:00', NULL,
        '2023-07-08 14:05:05', '2023-07-08 14:05:05', 0),
       (15, 4, 1, '01', '北京南', '杭州东', '北京', '杭州', '2023-06-01 18:56:00', '2023-06-01 18:56:00', NULL,
        '2023-07-08 14:05:05', '2023-07-08 14:05:05', 0),
       (16, 4, 4, '02', '杭州东', '', '北京', '', '2023-06-01 18:56:00', '2023-06-02 10:57:00', NULL,
        '2023-07-08 14:05:05', '2023-07-08 14:05:05', 0);

INSERT INTO `t_train_station_price` (`id`, `train_id`, `start_station`, `end_station`, `seat_type`, `price`, `create_time`,
                                     `update_time`, `del_flag`)
VALUES (1664877136352866304, 1, '北京南', '济南西', 0, 78200, '2023-06-03 14:10:16', '2023-06-03 14:10:16', 0),
       (1664877136424169472, 1, '北京南', '济南西', 1, 35700, '2023-06-03 14:10:16', '2023-06-03 14:10:16', 0),
       (1664877136453529600, 1, '北京南', '济南西', 2, 22300, '2023-06-03 14:10:16', '2023-06-03 14:10:16', 0),
       (1664877136474501120, 1, '北京南', '南京南', 0, 186400, '2023-06-03 14:10:16', '2023-06-03 14:10:16', 0),
       (1664877136487084032, 1, '北京南', '南京南', 1, 85200, '2023-06-03 14:10:16', '2023-06-03 14:10:16', 0),
       (1664877136499666944, 1, '北京南', '南京南', 2, 53300, '2023-06-03 14:10:16', '2023-06-03 14:10:16', 0),
       (1664877136516444160, 1, '北京南', '杭州东', 0, 231300, '2023-06-03 14:10:16', '2023-06-03 14:10:16', 0),
       (1664877136529027072, 1, '北京南', '杭州东', 1, 107700, '2023-06-03 14:10:16', '2023-06-03 14:10:16', 0),
       (1664877136541609984, 1, '北京南', '杭州东', 2, 67400, '2023-06-03 14:10:16', '2023-06-03 14:10:16', 0),
       (1664877136554192896, 1, '北京南', '宁波', 0, 253750, '2023-06-03 14:10:16', '2023-06-03 14:10:16', 0),
       (1664877136566775808, 1, '北京南', '宁波', 1, 119700, '2023-06-03 14:10:16', '2023-06-03 14:10:16', 0),
       (1664877136575164416, 1, '北京南', '宁波', 2, 74500, '2023-06-03 14:10:16', '2023-06-03 14:10:16', 0),
       (1664877136583553024, 1, '济南西', '南京南', 0, 116500, '2023-06-03 14:10:16', '2023-06-03 14:10:16', 0),
       (1664877136596135936, 1, '济南西', '南京南', 1, 53300, '2023-06-03 14:10:16', '2023-06-03 14:10:16', 0),
       (1664877136608718848, 1, '济南西', '南京南', 2, 33300, '2023-06-03 14:10:16', '2023-06-03 14:10:16', 0),
       (1664877136621301760, 1, '济南西', '杭州东', 0, 161400, '2023-06-03 14:10:16', '2023-06-03 14:10:16', 0),
       (1664877136633884672, 1, '济南西', '杭州东', 1, 75800, '2023-06-03 14:10:16', '2023-06-03 14:10:16', 0),
       (1664877136650661888, 1, '济南西', '杭州东', 2, 47400, '2023-06-03 14:10:16', '2023-06-03 14:10:16', 0),
       (1664877136663244800, 1, '济南西', '宁波', 0, 183850, '2023-06-03 14:10:16', '2023-06-03 14:10:16', 0),
       (1664877136675827712, 1, '济南西', '宁波', 1, 87800, '2023-06-03 14:10:16', '2023-06-03 14:10:16', 0),
       (1664877136684216320, 1, '济南西', '宁波', 2, 54500, '2023-06-03 14:10:16', '2023-06-03 14:10:16', 0),
       (1664877136696799232, 1, '南京南', '杭州东', 0, 44900, '2023-06-03 14:10:16', '2023-06-03 14:10:16', 0),
       (1664877136709382144, 1, '南京南', '杭州东', 1, 22500, '2023-06-03 14:10:16', '2023-06-03 14:10:16', 0),
       (1664877136721965056, 1, '南京南', '杭州东', 2, 14100, '2023-06-03 14:10:16', '2023-06-03 14:10:16', 0),
       (1664877136738742272, 1, '南京南', '宁波', 0, 67350, '2023-06-03 14:10:16', '2023-06-03 14:10:16', 0),
       (1664877136747130880, 1, '南京南', '宁波', 1, 34500, '2023-06-03 14:10:16', '2023-06-03 14:10:16', 0),
       (1664877136759713792, 1, '南京南', '宁波', 2, 21200, '2023-06-03 14:10:16', '2023-06-03 14:10:16', 0),
       (1664877136772296704, 1, '杭州东', '宁波', 0, 22450, '2023-06-03 14:10:16', '2023-06-03 14:10:16', 0),
       (1664877136784879616, 1, '杭州东', '宁波', 1, 12000, '2023-06-03 14:10:16', '2023-06-03 14:10:16', 0),
       (1664877136797462528, 1, '杭州东', '宁波', 2, 7100, '2023-06-03 14:10:16', '2023-06-03 14:10:16', 0),
       (1677231730273529856, 2, '北京南', '南京南', 0, 186400, '2023-06-03 14:10:16', '2023-06-03 14:10:16', 0),
       (1677231730323861504, 2, '北京南', '南京南', 1, 85200, '2023-06-03 14:10:16', '2023-06-03 14:10:16', 0),
       (1677231730353221632, 2, '北京南', '南京南', 2, 53300, '2023-06-03 14:10:16', '2023-06-03 14:10:16', 0),
       (1677231730386776064, 2, '北京南', '杭州东', 0, 231300, '2023-06-03 14:10:16', '2023-06-03 14:10:16', 0),
       (1677231730403553280, 2, '北京南', '杭州东', 1, 106400, '2023-06-03 14:10:16', '2023-06-03 14:10:16', 0),
       (1677231730420330496, 2, '北京南', '杭州东', 2, 66300, '2023-06-03 14:10:16', '2023-06-03 14:10:16', 0),
       (1677231730432913408, 2, '南京南', '杭州东', 0, 44900, '2023-06-03 14:10:16', '2023-06-03 14:10:16', 0),
       (1677231730449690624, 2, '南京南', '杭州东', 1, 21200, '2023-06-03 14:10:16', '2023-06-03 14:10:16', 0),
       (1677231730466467840, 2, '南京南', '杭州东', 2, 11700, '2023-06-03 14:10:16', '2023-06-03 14:10:16', 0),
       (1677591290215301120, 3, '北京', '德州', 3, 7500, '2023-07-08 16:11:46', '2023-07-08 16:11:46', 0),
       (1677591290257244160, 3, '北京', '德州', 4, 15300, '2023-07-08 16:11:46', '2023-07-08 16:11:46', 0),
       (1677591290286604288, 3, '北京', '德州', 5, 13000, '2023-07-08 16:11:46', '2023-07-08 16:11:46', 0),
       (1677591290307575808, 3, '北京', '德州', 13, 7500, '2023-07-08 16:11:46', '2023-07-08 16:11:46', 0),
       (1677591290328547328, 3, '北京', '南京', 3, 23300, '2023-07-08 16:11:46', '2023-07-08 16:11:46', 0),
       (1677591290349518848, 3, '北京', '南京', 4, 44300, '2023-07-08 16:11:46', '2023-07-08 16:11:46', 0),
       (1677591290362101760, 3, '北京', '南京', 5, 37700, '2023-07-08 16:11:46', '2023-07-08 16:11:46', 0),
       (1677591290374684672, 3, '北京', '南京', 13, 23300, '2023-07-08 16:11:46', '2023-07-08 16:11:46', 0),
       (1677591290391461888, 3, '北京', '嘉兴', 3, 30900, '2023-07-08 16:11:46', '2023-07-08 16:11:46', 0),
       (1677591290404044800, 3, '北京', '嘉兴', 4, 58700, '2023-07-08 16:11:46', '2023-07-08 16:11:46', 0),
       (1677591290416627712, 3, '北京', '嘉兴', 5, 49900, '2023-07-08 16:11:46', '2023-07-08 16:11:46', 0),
       (1677591290429210624, 3, '北京', '嘉兴', 13, 30900, '2023-07-08 16:11:46', '2023-07-08 16:11:46', 0),
       (1677591290441793536, 3, '北京', '海宁', 3, 31500, '2023-07-08 16:11:46', '2023-07-08 16:11:46', 0),
       (1677591290458570752, 3, '北京', '海宁', 4, 59700, '2023-07-08 16:11:46', '2023-07-08 16:11:46', 0),
       (1677591290483736576, 3, '北京', '海宁', 5, 50800, '2023-07-08 16:11:46', '2023-07-08 16:11:46', 0),
       (1677591290496319488, 3, '北京', '海宁', 13, 31500, '2023-07-08 16:11:46', '2023-07-08 16:11:46', 0),
       (1677591290508902400, 3, '北京', '杭州', 3, 32800, '2023-07-08 16:11:46', '2023-07-08 16:11:46', 0),
       (1677591290521485312, 3, '北京', '杭州', 4, 62200, '2023-07-08 16:11:46', '2023-07-08 16:11:46', 0),
       (1677591290529873920, 3, '北京', '杭州', 5, 52900, '2023-07-08 16:11:46', '2023-07-08 16:11:46', 0),
       (1677591290542456832, 3, '北京', '杭州', 13, 32800, '2023-07-08 16:11:46', '2023-07-08 16:11:46', 0),
       (1677591290555039744, 3, '德州', '南京', 3, 15700, '2023-07-08 16:11:46', '2023-07-08 16:11:46', 0),
       (1677591290571816960, 3, '德州', '南京', 4, 29900, '2023-07-08 16:11:46', '2023-07-08 16:11:46', 0),
       (1677591290584399872, 3, '德州', '南京', 5, 25400, '2023-07-08 16:11:46', '2023-07-08 16:11:46', 0),
       (1677591290596982784, 3, '德州', '南京', 13, 15700, '2023-07-08 16:11:46', '2023-07-08 16:11:46', 0),
       (1677591290609565696, 3, '德州', '嘉兴', 3, 23300, '2023-07-08 16:11:46', '2023-07-08 16:11:46', 0),
       (1677591290622148608, 3, '德州', '嘉兴', 4, 44300, '2023-07-08 16:11:46', '2023-07-08 16:11:46', 0),
       (1677591290634731520, 3, '德州', '嘉兴', 5, 37700, '2023-07-08 16:11:46', '2023-07-08 16:11:46', 0),
       (1677591290647314432, 3, '德州', '嘉兴', 13, 23300, '2023-07-08 16:11:46', '2023-07-08 16:11:46', 0),
       (1677591290664091648, 3, '德州', '海宁', 3, 23900, '2023-07-08 16:11:46', '2023-07-08 16:11:46', 0),
       (1677591290680868864, 3, '德州', '海宁', 4, 45400, '2023-07-08 16:11:46', '2023-07-08 16:11:46', 0),
       (1677591290689257472, 3, '德州', '海宁', 5, 38600, '2023-07-08 16:11:46', '2023-07-08 16:11:46', 0),
       (1677591290701840384, 3, '德州', '海宁', 13, 23900, '2023-07-08 16:11:46', '2023-07-08 16:11:46', 0),
       (1677591290714423296, 3, '德州', '杭州', 3, 25200, '2023-07-08 16:11:46', '2023-07-08 16:11:46', 0),
       (1677591290727006208, 3, '德州', '杭州', 4, 47800, '2023-07-08 16:11:46', '2023-07-08 16:11:46', 0),
       (1677591290735394816, 3, '德州', '杭州', 5, 40700, '2023-07-08 16:11:46', '2023-07-08 16:11:46', 0),
       (1677591290747977728, 3, '德州', '杭州', 13, 25200, '2023-07-08 16:11:46', '2023-07-08 16:11:46', 0),
       (1677591290756366336, 3, '南京', '嘉兴', 3, 7600, '2023-07-08 16:11:46', '2023-07-08 16:11:46', 0),
       (1677591290768949248, 3, '南京', '嘉兴', 4, 15300, '2023-07-08 16:11:46', '2023-07-08 16:11:46', 0),
       (1677591290785726464, 3, '南京', '嘉兴', 5, 13000, '2023-07-08 16:11:46', '2023-07-08 16:11:46', 0),
       (1677591290794115072, 3, '南京', '嘉兴', 13, 7600, '2023-07-08 16:11:46', '2023-07-08 16:11:46', 0),
       (1677591290806697984, 3, '南京', '海宁', 3, 8100, '2023-07-08 16:11:46', '2023-07-08 16:11:46', 0),
       (1677591290815086592, 3, '南京', '海宁', 4, 15500, '2023-07-08 16:11:46', '2023-07-08 16:11:46', 0),
       (1677591290827669504, 3, '南京', '海宁', 5, 13200, '2023-07-08 16:11:46', '2023-07-08 16:11:46', 0),
       (1677591290840252416, 3, '南京', '海宁', 13, 8100, '2023-07-08 16:11:46', '2023-07-08 16:11:46', 0),
       (1677591290848641024, 3, '南京', '杭州', 3, 9400, '2023-07-08 16:11:46', '2023-07-08 16:11:46', 0),
       (1677591290861223936, 3, '南京', '杭州', 4, 17900, '2023-07-08 16:11:46', '2023-07-08 16:11:46', 0),
       (1677591290869612544, 3, '南京', '杭州', 5, 15300, '2023-07-08 16:11:46', '2023-07-08 16:11:46', 0),
       (1677591290882195456, 3, '南京', '杭州', 13, 9400, '2023-07-08 16:11:46', '2023-07-08 16:11:46', 0),
       (1677591290903166976, 3, '嘉兴', '海宁', 3, 600, '2023-07-08 16:11:46', '2023-07-08 16:11:46', 0),
       (1677591290915749888, 3, '嘉兴', '海宁', 4, 15300, '2023-07-08 16:11:46', '2023-07-08 16:11:46', 0),
       (1677591290928332800, 3, '嘉兴', '海宁', 5, 13000, '2023-07-08 16:11:46', '2023-07-08 16:11:46', 0),
       (1677591290940915712, 3, '嘉兴', '海宁', 13, 600, '2023-07-08 16:11:46', '2023-07-08 16:11:46', 0),
       (1677591290953498624, 3, '嘉兴', '杭州', 3, 1900, '2023-07-08 16:11:46', '2023-07-08 16:11:46', 0),
       (1677591290970275840, 3, '嘉兴', '杭州', 4, 15300, '2023-07-08 16:11:46', '2023-07-08 16:11:46', 0),
       (1677591290987053056, 3, '嘉兴', '杭州', 5, 13000, '2023-07-08 16:11:46', '2023-07-08 16:11:46', 0),
       (1677591290999635968, 3, '嘉兴', '杭州', 13, 1900, '2023-07-08 16:11:46', '2023-07-08 16:11:46', 0),
       (1677591291008024576, 3, '海宁', '杭州', 3, 1300, '2023-07-08 16:11:46', '2023-07-08 16:11:46', 0),
       (1677591291020607488, 3, '海宁', '杭州', 4, 15300, '2023-07-08 16:11:46', '2023-07-08 16:11:46', 0),
       (1677591291037384704, 3, '海宁', '杭州', 5, 13000, '2023-07-08 16:11:46', '2023-07-08 16:11:46', 0),
       (1677591291049967616, 3, '海宁', '杭州', 13, 1300, '2023-07-08 16:11:46', '2023-07-08 16:11:46', 0),
       (1677692017258078208, 4, '北京南', '杭州东', 6, 32800, '2023-07-08 22:52:02', '2023-07-08 22:52:02', 0),
       (1677692017308409856, 4, '北京南', '杭州东', 7, 6220, '2023-07-08 22:52:02', '2023-07-08 22:52:02', 0),
       (1677692017337769984, 4, '北京南', '杭州东', 8, 52900, '2023-07-08 22:52:02', '2023-07-08 22:52:02', 0),
       (1677692017354547200, 4, '北京南', '杭州东', 13, 32800, '2023-07-08 22:52:02', '2023-07-08 22:52:02', 0);

INSERT INTO `t_train_station_relation` (`id`, `train_id`, `start_station`, `end_station`, `start_region`, `end_region`,
                                        `departure_flag`, `arrival_flag`, `departure_time`, `arrival_time`,
                                        `create_time`, `update_time`, `del_flag`)
VALUES (1665025584123056128, 1, '北京南', '济南西', '北京', '济南', 1, 0, '2023-06-01 09:56:00', '2023-06-01 11:19:00',
        '2023-06-04 00:00:09', '2023-06-04 00:00:09', 0),
       (1665025584177582080, 1, '北京南', '南京南', '北京', '南京', 1, 0, '2023-06-01 09:56:00', '2023-06-01 13:20:00',
        '2023-06-04 00:00:09', '2023-06-04 00:00:09', 0),
       (1665025584206942208, 1, '北京南', '杭州东', '北京', '杭州', 1, 0, '2023-06-01 09:56:00', '2023-06-01 14:26:00',
        '2023-06-04 00:00:09', '2023-06-04 00:00:09', 0),
       (1665025584236302336, 1, '北京南', '宁波', '北京', '宁波', 1, 1, '2023-06-01 09:56:00', '2023-06-01 15:14:00',
        '2023-06-04 00:00:09', '2023-06-04 00:00:09', 0),
       (1665025584261468160, 1, '济南西', '南京南', '济南', '南京', 0, 0, '2023-06-01 11:19:00', '2023-06-01 15:14:00',
        '2023-06-04 00:00:09', '2023-06-04 00:00:09', 0),
       (1665025584282439680, 1, '济南西', '杭州东', '济南', '杭州', 0, 0, '2023-06-01 11:19:00', '2023-06-01 14:26:00',
        '2023-06-04 00:00:09', '2023-06-04 00:00:09', 0),
       (1665025584307605504, 1, '济南西', '宁波', '济南', '宁波', 0, 1, '2023-06-01 11:19:00', '2023-06-01 15:14:00',
        '2023-06-04 00:00:09', '2023-06-04 00:00:09', 0),
       (1665025584332771328, 1, '南京南', '杭州东', '南京', '杭州', 0, 0, '2023-06-01 13:20:00', '2023-06-01 14:26:00',
        '2023-06-04 00:00:09', '2023-06-04 00:00:09', 0),
       (1665025584357937152, 1, '南京南', '宁波', '南京', '宁波', 0, 1, '2023-06-01 13:20:00', '2023-06-01 15:14:00',
        '2023-06-04 00:00:09', '2023-06-04 00:00:09', 0),
       (1665025584378908672, 1, '杭州东', '宁波', '杭州', '宁波', 0, 1, '2023-06-01 14:26:00', '2023-06-01 15:14:00',
        '2023-06-04 00:00:09', '2023-06-04 00:00:09', 0),
       (1677241394371317760, 2, '北京南', '南京南', '北京', '南京', 1, 0, '2023-06-01 19:04:00', '2023-06-01 22:17:00',
        '2023-07-07 17:01:25', '2023-07-07 17:01:25', 0),
       (1677241394434232320, 2, '北京南', '杭州东', '北京', '杭州', 1, 1, '2023-06-01 19:04:00', '2023-06-01 23:22:00',
        '2023-07-07 17:01:25', '2023-07-07 17:01:25', 0),
       (1677241394463592448, 2, '南京南', '杭州东', '南京', '杭州', 0, 1, '2023-06-01 22:20:00', '2023-06-01 23:22:00',
        '2023-07-07 17:01:25', '2023-07-07 17:01:25', 0),
       (1677579889368797184, 3, '北京', '德州', '北京', '德州', 1, 0, '2023-06-01 19:16:00', '2023-06-01 22:19:00',
        '2023-07-08 15:26:28', '2023-07-08 15:26:28', 0),
       (1677579889440100352, 3, '北京', '南京', '北京', '南京', 1, 0, '2023-06-01 19:16:00', '2023-06-02 04:46:00',
        '2023-07-08 15:26:28', '2023-07-08 15:26:28', 0),
       (1677579889461071872, 3, '北京', '嘉兴', '北京', '嘉兴', 1, 0, '2023-06-01 19:16:00', '2023-06-02 07:56:00',
        '2023-07-08 15:26:28', '2023-07-08 15:26:28', 0),
       (1677579889473654784, 3, '北京', '海宁', '北京', '海宁', 1, 0, '2023-06-01 19:16:00', '2023-06-02 08:14:00',
        '2023-07-08 15:26:28', '2023-07-08 15:26:28', 0),
       (1677579889503014912, 3, '北京', '杭州', '北京', '杭州', 1, 1, '2023-06-01 19:16:00', '2023-06-02 09:00:00',
        '2023-07-08 15:26:28', '2023-07-08 15:26:28', 0),
       (1677579889515597824, 3, '德州', '南京', '德州', '南京', 0, 0, '2023-06-01 22:21:00', '2023-06-02 04:46:00',
        '2023-07-08 15:26:28', '2023-07-08 15:26:28', 0),
       (1677579889528180736, 3, '德州', '嘉兴', '德州', '嘉兴', 0, 0, '2023-06-01 22:21:00', '2023-06-02 07:56:00',
        '2023-07-08 15:26:28', '2023-07-08 15:26:28', 0),
       (1677579889540763648, 3, '德州', '海宁', '德州', '海宁', 0, 0, '2023-06-01 22:21:00', '2023-06-02 08:14:00',
        '2023-07-08 15:26:28', '2023-07-08 15:26:28', 0),
       (1677579889557540864, 3, '德州', '杭州', '德州', '杭州', 0, 1, '2023-06-01 22:21:00', '2023-06-02 09:00:00',
        '2023-07-08 15:26:28', '2023-07-08 15:26:28', 0),
       (1677579889570123776, 3, '南京', '嘉兴', '南京', '嘉兴', 0, 0, '2023-06-02 04:52:00', '2023-06-02 07:56:00',
        '2023-07-08 15:26:28', '2023-07-08 15:26:28', 0),
       (1677579889582706688, 3, '南京', '海宁', '南京', '海宁', 0, 0, '2023-06-02 04:52:00', '2023-06-02 08:14:00',
        '2023-07-08 15:26:28', '2023-07-08 15:26:28', 0),
       (1677579889595289600, 3, '南京', '杭州', '南京', '杭州', 0, 1, '2023-06-02 04:52:00', '2023-06-02 09:00:00',
        '2023-07-08 15:26:28', '2023-07-08 15:26:28', 0),
       (1677579889607872512, 3, '嘉兴', '海宁', '嘉兴', '海宁', 0, 0, '2023-06-02 07:58:00', '2023-06-02 08:14:00',
        '2023-07-08 15:26:28', '2023-07-08 15:26:28', 0),
       (1677579889620455424, 3, '嘉兴', '杭州', '嘉兴', '杭州', 0, 1, '2023-06-02 07:58:00', '2023-06-02 09:00:00',
        '2023-07-08 15:26:28', '2023-07-08 15:26:28', 0),
       (1677579889633038336, 3, '海宁', '杭州', '海宁', '杭州', 0, 1, '2023-06-02 08:16:00', '2023-06-02 09:00:00',
        '2023-07-08 15:26:28', '2023-07-08 15:26:28', 0),
       (1677689610742865920, 4, '北京南', '杭州东', '北京', '杭州', 1, 1, '2023-06-01 18:56:00', '2023-06-01 18:56:00',
        '2023-07-08 22:42:28', '2023-07-08 22:42:28', 0);

INSERT INTO `t_seat` (`id`, `train_id`, `carriage_number`, `seat_number`, `seat_type`, `start_station`, `end_station`,
                      `price`, `seat_status`, `create_time`, `update_time`, `del_flag`)
VALUES (1683022024079286272, 3, '01', '01A', 0, '北京', '德州', 7500, 0, '2023-07-23 15:51:34', '2023-07-23 15:51:34',
        0),
       (1683022024129617920, 3, '01', '01D', 0, '北京', '德州', 7500, 0, '2023-07-23 15:51:34', '2023-07-23 15:51:34',
        0),
       (1683022024158978048, 3, '01', '01F', 0, '北京', '德州', 7500, 0, '2023-07-23 15:51:34', '2023-07-23 15:51:34',
        0),
       (1683022024184143872, 3, '01', '02A', 0, '北京', '德州', 7500, 0, '2023-07-23 15:51:34', '2023-07-23 15:51:34',
        0),
       (1683022024209309696, 3, '01', '02C', 0, '北京', '德州', 7500, 0, '2023-07-23 15:51:34', '2023-07-23 15:51:34',
        0),
       (1683022024234475520, 3, '01', '02D', 0, '北京', '德州', 7500, 0, '2023-07-23 15:51:34', '2023-07-23 15:51:34',
        0),
       (1683022024259641344, 3, '01', '02F', 0, '北京', '德州', 7500, 0, '2023-07-23 15:51:34', '2023-07-23 15:51:34',
        0),
       (1683022024284807168, 3, '01', '03A', 0, '北京', '德州', 7500, 0, '2023-07-23 15:51:34', '2023-07-23 15:51:34',
        0),
       (1683022024301584384, 3, '01', '03C', 0, '北京', '德州', 7500, 0, '2023-07-23 15:51:34', '2023-07-23 15:51:34',
        0),
       (1683022024314167296, 3, '01', '03D', 0, '北京', '德州', 7500, 0, '2023-07-23 15:51:34', '2023-07-23 15:51:34',
        0),
       (1683022024330944512, 3, '01', '03F', 0, '北京', '德州', 7500, 0, '2023-07-23 15:51:34', '2023-07-23 15:51:34',
        0),
       (1683022024343527424, 3, '01', '04A', 0, '北京', '德州', 7500, 0, '2023-07-23 15:51:34', '2023-07-23 15:51:34',
        0),
       (1683022024356110336, 3, '01', '04C', 0, '北京', '德州', 7500, 0, '2023-07-23 15:51:34', '2023-07-23 15:51:34',
        0),
       (1683022024372887552, 3, '01', '04D', 0, '北京', '德州', 7500, 0, '2023-07-23 15:51:34', '2023-07-23 15:51:34',
        0),
       (1683022024381276160, 3, '01', '04F', 0, '北京', '德州', 7500, 0, '2023-07-23 15:51:34', '2023-07-23 15:51:34',
        0),
       (1683022024398053376, 3, '01', '05A', 0, '北京', '德州', 7500, 0, '2023-07-23 15:51:34', '2023-07-23 15:51:34',
        0),
       (1683022024410636288, 3, '01', '05C', 0, '北京', '德州', 7500, 0, '2023-07-23 15:51:34', '2023-07-23 15:51:34',
        0),
       (1683022024423219200, 3, '01', '05D', 0, '北京', '德州', 7500, 0, '2023-07-23 15:51:34', '2023-07-23 15:51:34',
        0),
       (1683022024435802112, 3, '01', '05F', 0, '北京', '德州', 7500, 0, '2023-07-23 15:51:34', '2023-07-23 15:51:34',
        0),
       (1683022024448385024, 3, '01', '06A', 0, '北京', '德州', 7500, 0, '2023-07-23 15:51:34', '2023-07-23 15:51:34',
        0),
       (1683022024460967936, 3, '01', '06C', 0, '北京', '德州', 7500, 0, '2023-07-23 15:51:34', '2023-07-23 15:51:34',
        0),
       (1683022024473550848, 3, '01', '06D', 0, '北京', '德州', 7500, 0, '2023-07-23 15:51:34', '2023-07-23 15:51:34',
        0),
       (1683022024490328064, 3, '01', '06F', 0, '北京', '德州', 7500, 0, '2023-07-23 15:51:34', '2023-07-23 15:51:34',
        0),
       (1683022024502910976, 3, '02', '01A', 0, '北京', '德州', 7500, 0, '2023-07-23 15:51:34', '2023-07-23 15:51:34',
        0),
       (1683022024515493888, 3, '02', '01D', 0, '北京', '德州', 7500, 0, '2023-07-23 15:51:34', '2023-07-23 15:51:34',
        0),
       (1683022024528076800, 3, '02', '01F', 0, '北京', '德州', 7500, 0, '2023-07-23 15:51:34', '2023-07-23 15:51:34',
        0),
       (1683022024540659712, 3, '02', '02A', 0, '北京', '德州', 7500, 0, '2023-07-23 15:51:34', '2023-07-23 15:51:34',
        0),
       (1683022024553242624, 3, '02', '02C', 0, '北京', '德州', 7500, 0, '2023-07-23 15:51:34', '2023-07-23 15:51:34',
        0),
       (1683022024565825536, 3, '02', '02D', 0, '北京', '德州', 7500, 0, '2023-07-23 15:51:34', '2023-07-23 15:51:34',
        0),
       (1683022024578408448, 3, '02', '02F', 0, '北京', '德州', 7500, 0, '2023-07-23 15:51:34', '2023-07-23 15:51:34',
        0),
       (1683022024590991360, 3, '02', '03A', 0, '北京', '德州', 7500, 0, '2023-07-23 15:51:34', '2023-07-23 15:51:34',
        0),
       (1683022024607768576, 3, '02', '03C', 0, '北京', '德州', 7500, 0, '2023-07-23 15:51:34', '2023-07-23 15:51:34',
        0),
       (1683022024620351488, 3, '02', '03D', 0, '北京', '德州', 7500, 0, '2023-07-23 15:51:34', '2023-07-23 15:51:34',
        0),
       (1683022024632934400, 3, '02', '03F', 0, '北京', '德州', 7500, 0, '2023-07-23 15:51:34', '2023-07-23 15:51:34',
        0),
       (1683022024645517312, 3, '02', '04A', 0, '北京', '德州', 7500, 0, '2023-07-23 15:51:34', '2023-07-23 15:51:34',
        0),
       (1683022024653905920, 3, '02', '04C', 0, '北京', '德州', 7500, 0, '2023-07-23 15:51:34', '2023-07-23 15:51:34',
        0),
       (1683022024666488832, 3, '02', '04D', 0, '北京', '德州', 7500, 0, '2023-07-23 15:51:34', '2023-07-23 15:51:34',
        0),
       (1683022024674877440, 3, '02', '04F', 0, '北京', '德州', 7500, 0, '2023-07-23 15:51:34', '2023-07-23 15:51:34',
        0),
       (1683022024683266048, 3, '02', '05A', 0, '北京', '德州', 7500, 0, '2023-07-23 15:51:34', '2023-07-23 15:51:34',
        0),
       (1683022024700043264, 3, '02', '05C', 0, '北京', '德州', 7500, 0, '2023-07-23 15:51:34', '2023-07-23 15:51:34',
        0),
       (1683022024712626176, 3, '02', '05D', 0, '北京', '德州', 7500, 0, '2023-07-23 15:51:34', '2023-07-23 15:51:34',
        0),
       (1683022024725209088, 3, '02', '05F', 0, '北京', '德州', 7500, 0, '2023-07-23 15:51:34', '2023-07-23 15:51:34',
        0),
       (1683022024737792000, 3, '02', '06A', 0, '北京', '德州', 7500, 0, '2023-07-23 15:51:34', '2023-07-23 15:51:34',
        0),
       (1683022024750374912, 3, '02', '06C', 0, '北京', '德州', 7500, 0, '2023-07-23 15:51:34', '2023-07-23 15:51:34',
        0),
       (1683022024762957824, 3, '02', '06D', 0, '北京', '德州', 7500, 0, '2023-07-23 15:51:34', '2023-07-23 15:51:34',
        0),
       (1683022024779735040, 3, '02', '06F', 0, '北京', '德州', 7500, 0, '2023-07-23 15:51:34', '2023-07-23 15:51:34',
        0),
       (1683022024788123648, 3, '03', '01A', 0, '北京', '德州', 7500, 0, '2023-07-23 15:51:34', '2023-07-23 15:51:34',
        0),
       (1683022024800706560, 3, '03', '01D', 0, '北京', '德州', 7500, 0, '2023-07-23 15:51:34', '2023-07-23 15:51:34',
        0),
       (1683022024809095168, 3, '03', '01F', 0, '北京', '德州', 7500, 0, '2023-07-23 15:51:34', '2023-07-23 15:51:34',
        0),
       (1683022024817483776, 3, '03', '02A', 0, '北京', '德州', 7500, 0, '2023-07-23 15:51:34', '2023-07-23 15:51:34',
        0),
       (1683022024830066688, 3, '03', '02C', 0, '北京', '德州', 7500, 0, '2023-07-23 15:51:34', '2023-07-23 15:51:34',
        0),
       (1683022024838455296, 3, '03', '02D', 0, '北京', '德州', 7500, 0, '2023-07-23 15:51:34', '2023-07-23 15:51:34',
        0),
       (1683022024851038208, 3, '03', '02F', 0, '北京', '德州', 7500, 0, '2023-07-23 15:51:34', '2023-07-23 15:51:34',
        0),
       (1683022024863621120, 3, '03', '03A', 0, '北京', '德州', 7500, 0, '2023-07-23 15:51:34', '2023-07-23 15:51:34',
        0),
       (1683022024872009728, 3, '03', '03C', 0, '北京', '德州', 7500, 0, '2023-07-23 15:51:34', '2023-07-23 15:51:34',
        0),
       (1683022024884592640, 3, '03', '03D', 0, '北京', '德州', 7500, 0, '2023-07-23 15:51:34', '2023-07-23 15:51:34',
        0),
       (1683022024892981248, 3, '03', '03F', 0, '北京', '德州', 7500, 0, '2023-07-23 15:51:34', '2023-07-23 15:51:34',
        0),
       (1683022024905564160, 3, '03', '04A', 0, '北京', '德州', 7500, 0, '2023-07-23 15:51:34', '2023-07-23 15:51:34',
        0),
       (1683022024918147072, 3, '03', '04C', 0, '北京', '德州', 7500, 0, '2023-07-23 15:51:34', '2023-07-23 15:51:34',
        0),
       (1683022024926535680, 3, '03', '04D', 0, '北京', '德州', 7500, 0, '2023-07-23 15:51:34', '2023-07-23 15:51:34',
        0),
       (1683022024939118592, 3, '03', '04F', 0, '北京', '德州', 7500, 0, '2023-07-23 15:51:34', '2023-07-23 15:51:34',
        0),
       (1683022024947507200, 3, '03', '05A', 0, '北京', '德州', 7500, 0, '2023-07-23 15:51:34', '2023-07-23 15:51:34',
        0),
       (1683022024960090112, 3, '03', '05C', 0, '北京', '德州', 7500, 0, '2023-07-23 15:51:34', '2023-07-23 15:51:34',
        0),
       (1683022024968478720, 3, '03', '05D', 0, '北京', '德州', 7500, 0, '2023-07-23 15:51:34', '2023-07-23 15:51:34',
        0),
       (1683022024981061632, 3, '03', '05F', 0, '北京', '德州', 7500, 0, '2023-07-23 15:51:34', '2023-07-23 15:51:34',
        0),
       (1683022024989450240, 3, '03', '06A', 0, '北京', '德州', 7500, 0, '2023-07-23 15:51:34', '2023-07-23 15:51:34',
        0),
       (1683022024997838848, 3, '03', '06C', 0, '北京', '德州', 7500, 0, '2023-07-23 15:51:34', '2023-07-23 15:51:34',
        0),
       (1683022025010421760, 3, '03', '06D', 0, '北京', '德州', 7500, 0, '2023-07-23 15:51:34', '2023-07-23 15:51:34',
        0),
       (1683022025023004672, 3, '03', '06F', 0, '北京', '德州', 7500, 0, '2023-07-23 15:51:34', '2023-07-23 15:51:34',
        0),
       (1683022025031393280, 3, '04', '01A', 0, '北京', '德州', 7500, 0, '2023-07-23 15:51:34', '2023-07-23 15:51:34',
        0),
       (1683022025043976192, 3, '04', '01D', 0, '北京', '德州', 7500, 0, '2023-07-23 15:51:34', '2023-07-23 15:51:34',
        0),
       (1683022025052364800, 3, '04', '01F', 0, '北京', '德州', 7500, 0, '2023-07-23 15:51:34', '2023-07-23 15:51:34',
        0),
       (1683022025060753408, 3, '04', '02A', 0, '北京', '德州', 7500, 0, '2023-07-23 15:51:34', '2023-07-23 15:51:34',
        0),
       (1683022025069142016, 3, '04', '02C', 0, '北京', '德州', 7500, 0, '2023-07-23 15:51:34', '2023-07-23 15:51:34',
        0),
       (1683022025081724928, 3, '04', '02D', 0, '北京', '德州', 7500, 0, '2023-07-23 15:51:34', '2023-07-23 15:51:34',
        0),
       (1683022025094307840, 3, '04', '02F', 0, '北京', '德州', 7500, 0, '2023-07-23 15:51:34', '2023-07-23 15:51:34',
        0),
       (1683022025102696448, 3, '04', '03A', 0, '北京', '德州', 7500, 0, '2023-07-23 15:51:34', '2023-07-23 15:51:34',
        0),
       (1683022025111085056, 3, '04', '03C', 0, '北京', '德州', 7500, 0, '2023-07-23 15:51:34', '2023-07-23 15:51:34',
        0),
       (1683022025123667968, 3, '04', '03D', 0, '北京', '德州', 7500, 0, '2023-07-23 15:51:34', '2023-07-23 15:51:34',
        0),
       (1683022025132056576, 3, '04', '03F', 0, '北京', '德州', 7500, 0, '2023-07-23 15:51:34', '2023-07-23 15:51:34',
        0),
       (1683022025140445184, 3, '04', '04A', 0, '北京', '德州', 7500, 0, '2023-07-23 15:51:34', '2023-07-23 15:51:34',
        0),
       (1683022025153028096, 3, '04', '04C', 0, '北京', '德州', 7500, 0, '2023-07-23 15:51:34', '2023-07-23 15:51:34',
        0),
       (1683022025161416704, 3, '04', '04D', 0, '北京', '德州', 7500, 0, '2023-07-23 15:51:34', '2023-07-23 15:51:34',
        0),
       (1683022025169805312, 3, '04', '04F', 0, '北京', '德州', 7500, 0, '2023-07-23 15:51:34', '2023-07-23 15:51:34',
        0),
       (1683022025178193920, 3, '04', '05A', 0, '北京', '德州', 7500, 0, '2023-07-23 15:51:34', '2023-07-23 15:51:34',
        0),
       (1683022025190776832, 3, '04', '05C', 0, '北京', '德州', 7500, 0, '2023-07-23 15:51:34', '2023-07-23 15:51:34',
        0),
       (1683022025199165440, 3, '04', '05D', 0, '北京', '德州', 7500, 0, '2023-07-23 15:51:34', '2023-07-23 15:51:34',
        0),
       (1683022025207554048, 3, '04', '05F', 0, '北京', '德州', 7500, 0, '2023-07-23 15:51:34', '2023-07-23 15:51:34',
        0),
       (1683022025220136960, 3, '04', '06A', 0, '北京', '德州', 7500, 0, '2023-07-23 15:51:34', '2023-07-23 15:51:34',
        0),
       (1683022025228525568, 3, '04', '06C', 0, '北京', '德州', 7500, 0, '2023-07-23 15:51:34', '2023-07-23 15:51:34',
        0),
       (1683022025236914176, 3, '04', '06D', 0, '北京', '德州', 7500, 0, '2023-07-23 15:51:34', '2023-07-23 15:51:34',
        0),
       (1683022025245302784, 3, '04', '06F', 0, '北京', '德州', 7500, 0, '2023-07-23 15:51:34', '2023-07-23 15:51:34',
        0),
       (1683022025257885696, 3, '01', '01A', 0, '北京', '南京', 23300, 0, '2023-07-23 15:51:34', '2023-07-23 15:51:34',
        0),
       (1683022025266274304, 3, '01', '01D', 0, '北京', '南京', 23300, 0, '2023-07-23 15:51:34', '2023-07-23 15:51:34',
        0),
       (1683022025274662912, 3, '01', '01F', 0, '北京', '南京', 23300, 0, '2023-07-23 15:51:34', '2023-07-23 15:51:34',
        0),
       (1683022025283051520, 3, '01', '02A', 0, '北京', '南京', 23300, 0, '2023-07-23 15:51:34', '2023-07-23 15:51:34',
        0),
       (1683022025295634432, 3, '01', '02C', 0, '北京', '南京', 23300, 0, '2023-07-23 15:51:34', '2023-07-23 15:51:34',
        0),
       (1683022025304023040, 3, '01', '02D', 0, '北京', '南京', 23300, 0, '2023-07-23 15:51:34', '2023-07-23 15:51:34',
        0),
       (1683022025312411648, 3, '01', '02F', 0, '北京', '南京', 23300, 0, '2023-07-23 15:51:34', '2023-07-23 15:51:34',
        0),
       (1683022025320800256, 3, '01', '03A', 0, '北京', '南京', 23300, 0, '2023-07-23 15:51:34', '2023-07-23 15:51:34',
        0),
       (1683022025333383168, 3, '01', '03C', 0, '北京', '南京', 23300, 0, '2023-07-23 15:51:34', '2023-07-23 15:51:34',
        0),
       (1683022025341771776, 3, '01', '03D', 0, '北京', '南京', 23300, 0, '2023-07-23 15:51:34', '2023-07-23 15:51:34',
        0),
       (1683022025350160384, 3, '01', '03F', 0, '北京', '南京', 23300, 0, '2023-07-23 15:51:34', '2023-07-23 15:51:34',
        0),
       (1683022025362743296, 3, '01', '04A', 0, '北京', '南京', 23300, 0, '2023-07-23 15:51:34', '2023-07-23 15:51:34',
        0),
       (1683022025371131904, 3, '01', '04C', 0, '北京', '南京', 23300, 0, '2023-07-23 15:51:34', '2023-07-23 15:51:34',
        0),
       (1683022025379520512, 3, '01', '04D', 0, '北京', '南京', 23300, 0, '2023-07-23 15:51:34', '2023-07-23 15:51:34',
        0),
       (1683022025387909120, 3, '01', '04F', 0, '北京', '南京', 23300, 0, '2023-07-23 15:51:34', '2023-07-23 15:51:34',
        0),
       (1683022025400492032, 3, '01', '05A', 0, '北京', '南京', 23300, 0, '2023-07-23 15:51:34', '2023-07-23 15:51:34',
        0),
       (1683022025408880640, 3, '01', '05C', 0, '北京', '南京', 23300, 0, '2023-07-23 15:51:34', '2023-07-23 15:51:34',
        0),
       (1683022025417269248, 3, '01', '05D', 0, '北京', '南京', 23300, 0, '2023-07-23 15:51:34', '2023-07-23 15:51:34',
        0),
       (1683022025425657856, 3, '01', '05F', 0, '北京', '南京', 23300, 0, '2023-07-23 15:51:34', '2023-07-23 15:51:34',
        0),
       (1683022025434046464, 3, '01', '06A', 0, '北京', '南京', 23300, 0, '2023-07-23 15:51:34', '2023-07-23 15:51:34',
        0),
       (1683022025442435072, 3, '01', '06C', 0, '北京', '南京', 23300, 0, '2023-07-23 15:51:34', '2023-07-23 15:51:34',
        0),
       (1683022025450823680, 3, '01', '06D', 0, '北京', '南京', 23300, 0, '2023-07-23 15:51:34', '2023-07-23 15:51:34',
        0),
       (1683022025459212288, 3, '01', '06F', 0, '北京', '南京', 23300, 0, '2023-07-23 15:51:34', '2023-07-23 15:51:34',
        0),
       (1683022025467600896, 3, '02', '01A', 0, '北京', '南京', 23300, 0, '2023-07-23 15:51:34', '2023-07-23 15:51:34',
        0),
       (1683022025475989504, 3, '02', '01D', 0, '北京', '南京', 23300, 0, '2023-07-23 15:51:34', '2023-07-23 15:51:34',
        0),
       (1683022025484378112, 3, '02', '01F', 0, '北京', '南京', 23300, 0, '2023-07-23 15:51:34', '2023-07-23 15:51:34',
        0),
       (1683022025492766720, 3, '02', '02A', 0, '北京', '南京', 23300, 0, '2023-07-23 15:51:34', '2023-07-23 15:51:34',
        0),
       (1683022025496961024, 3, '02', '02C', 0, '北京', '南京', 23300, 0, '2023-07-23 15:51:34', '2023-07-23 15:51:34',
        0),
       (1683022025509543936, 3, '02', '02D', 0, '北京', '南京', 23300, 0, '2023-07-23 15:51:34', '2023-07-23 15:51:34',
        0),
       (1683022025517932544, 3, '02', '02F', 0, '北京', '南京', 23300, 0, '2023-07-23 15:51:34', '2023-07-23 15:51:34',
        0),
       (1683022025522126848, 3, '02', '03A', 0, '北京', '南京', 23300, 0, '2023-07-23 15:51:34', '2023-07-23 15:51:34',
        0),
       (1683022025534709760, 3, '02', '03C', 0, '北京', '南京', 23300, 0, '2023-07-23 15:51:34', '2023-07-23 15:51:34',
        0),
       (1683022025543098368, 3, '02', '03D', 0, '北京', '南京', 23300, 0, '2023-07-23 15:51:34', '2023-07-23 15:51:34',
        0),
       (1683022025551486976, 3, '02', '03F', 0, '北京', '南京', 23300, 0, '2023-07-23 15:51:34', '2023-07-23 15:51:34',
        0),
       (1683022025559875584, 3, '02', '04A', 0, '北京', '南京', 23300, 0, '2023-07-23 15:51:34', '2023-07-23 15:51:34',
        0),
       (1683022025568264192, 3, '02', '04C', 0, '北京', '南京', 23300, 0, '2023-07-23 15:51:34', '2023-07-23 15:51:34',
        0),
       (1683022025576652800, 3, '02', '04D', 0, '北京', '南京', 23300, 0, '2023-07-23 15:51:34', '2023-07-23 15:51:34',
        0),
       (1683022025585041408, 3, '02', '04F', 0, '北京', '南京', 23300, 0, '2023-07-23 15:51:34', '2023-07-23 15:51:34',
        0),
       (1683022025593430016, 3, '02', '05A', 0, '北京', '南京', 23300, 0, '2023-07-23 15:51:34', '2023-07-23 15:51:34',
        0),
       (1683022025601818624, 3, '02', '05C', 0, '北京', '南京', 23300, 0, '2023-07-23 15:51:34', '2023-07-23 15:51:34',
        0),
       (1683022025610207232, 3, '02', '05D', 0, '北京', '南京', 23300, 0, '2023-07-23 15:51:34', '2023-07-23 15:51:34',
        0),
       (1683022025622790144, 3, '02', '05F', 0, '北京', '南京', 23300, 0, '2023-07-23 15:51:34', '2023-07-23 15:51:34',
        0),
       (1683022025631178752, 3, '02', '06A', 0, '北京', '南京', 23300, 0, '2023-07-23 15:51:34', '2023-07-23 15:51:34',
        0),
       (1683022025639567360, 3, '02', '06C', 0, '北京', '南京', 23300, 0, '2023-07-23 15:51:34', '2023-07-23 15:51:34',
        0),
       (1683022025647955968, 3, '02', '06D', 0, '北京', '南京', 23300, 0, '2023-07-23 15:51:34', '2023-07-23 15:51:34',
        0),
       (1683022025656344576, 3, '02', '06F', 0, '北京', '南京', 23300, 0, '2023-07-23 15:51:34', '2023-07-23 15:51:34',
        0),
       (1683022025668927488, 3, '03', '01A', 0, '北京', '南京', 23300, 0, '2023-07-23 15:51:34', '2023-07-23 15:51:34',
        0),
       (1683022025677316096, 3, '03', '01D', 0, '北京', '南京', 23300, 0, '2023-07-23 15:51:34', '2023-07-23 15:51:34',
        0),
       (1683022025689899008, 3, '03', '01F', 0, '北京', '南京', 23300, 0, '2023-07-23 15:51:34', '2023-07-23 15:51:34',
        0),
       (1683022025698287616, 3, '03', '02A', 0, '北京', '南京', 23300, 0, '2023-07-23 15:51:34', '2023-07-23 15:51:34',
        0),
       (1683022025706676224, 3, '03', '02C', 0, '北京', '南京', 23300, 0, '2023-07-23 15:51:34', '2023-07-23 15:51:34',
        0),
       (1683022025715064832, 3, '03', '02D', 0, '北京', '南京', 23300, 0, '2023-07-23 15:51:34', '2023-07-23 15:51:34',
        0),
       (1683022025723453440, 3, '03', '02F', 0, '北京', '南京', 23300, 0, '2023-07-23 15:51:34', '2023-07-23 15:51:34',
        0),
       (1683022025731842048, 3, '03', '03A', 0, '北京', '南京', 23300, 0, '2023-07-23 15:51:34', '2023-07-23 15:51:34',
        0),
       (1683022025740230656, 3, '03', '03C', 0, '北京', '南京', 23300, 0, '2023-07-23 15:51:34', '2023-07-23 15:51:34',
        0),
       (1683022025748619264, 3, '03', '03D', 0, '北京', '南京', 23300, 0, '2023-07-23 15:51:34', '2023-07-23 15:51:34',
        0),
       (1683022025757007872, 3, '03', '03F', 0, '北京', '南京', 23300, 0, '2023-07-23 15:51:34', '2023-07-23 15:51:34',
        0),
       (1683022025765396480, 3, '03', '04A', 0, '北京', '南京', 23300, 0, '2023-07-23 15:51:34', '2023-07-23 15:51:34',
        0),
       (1683022025777979392, 3, '03', '04C', 0, '北京', '南京', 23300, 0, '2023-07-23 15:51:34', '2023-07-23 15:51:34',
        0),
       (1683022025786368000, 3, '03', '04D', 0, '北京', '南京', 23300, 0, '2023-07-23 15:51:34', '2023-07-23 15:51:34',
        0),
       (1683022025794756608, 3, '03', '04F', 0, '北京', '南京', 23300, 0, '2023-07-23 15:51:34', '2023-07-23 15:51:34',
        0),
       (1683022025807339520, 3, '03', '05A', 0, '北京', '南京', 23300, 0, '2023-07-23 15:51:34', '2023-07-23 15:51:34',
        0),
       (1683022025815728128, 3, '03', '05C', 0, '北京', '南京', 23300, 0, '2023-07-23 15:51:34', '2023-07-23 15:51:34',
        0),
       (1683022025828311040, 3, '03', '05D', 0, '北京', '南京', 23300, 0, '2023-07-23 15:51:34', '2023-07-23 15:51:34',
        0),
       (1683022025836699648, 3, '03', '05F', 0, '北京', '南京', 23300, 0, '2023-07-23 15:51:34', '2023-07-23 15:51:34',
        0),
       (1683022025845088256, 3, '03', '06A', 0, '北京', '南京', 23300, 0, '2023-07-23 15:51:34', '2023-07-23 15:51:34',
        0),
       (1683022025853476864, 3, '03', '06C', 0, '北京', '南京', 23300, 0, '2023-07-23 15:51:34', '2023-07-23 15:51:34',
        0),
       (1683022025861865472, 3, '03', '06D', 0, '北京', '南京', 23300, 0, '2023-07-23 15:51:34', '2023-07-23 15:51:34',
        0),
       (1683022025870254080, 3, '03', '06F', 0, '北京', '南京', 23300, 0, '2023-07-23 15:51:34', '2023-07-23 15:51:34',
        0),
       (1683022025878642688, 3, '04', '01A', 0, '北京', '南京', 23300, 0, '2023-07-23 15:51:34', '2023-07-23 15:51:34',
        0),
       (1683022025887031296, 3, '04', '01D', 0, '北京', '南京', 23300, 0, '2023-07-23 15:51:34', '2023-07-23 15:51:34',
        0),
       (1683022025899614208, 3, '04', '01F', 0, '北京', '南京', 23300, 0, '2023-07-23 15:51:34', '2023-07-23 15:51:34',
        0),
       (1683022025908002816, 3, '04', '02A', 0, '北京', '南京', 23300, 0, '2023-07-23 15:51:34', '2023-07-23 15:51:34',
        0),
       (1683022025916391424, 3, '04', '02C', 0, '北京', '南京', 23300, 0, '2023-07-23 15:51:34', '2023-07-23 15:51:34',
        0),
       (1683022025924780032, 3, '04', '02D', 0, '北京', '南京', 23300, 0, '2023-07-23 15:51:34', '2023-07-23 15:51:34',
        0),
       (1683022025933168640, 3, '04', '02F', 0, '北京', '南京', 23300, 0, '2023-07-23 15:51:34', '2023-07-23 15:51:34',
        0),
       (1683022025945751552, 3, '04', '03A', 0, '北京', '南京', 23300, 0, '2023-07-23 15:51:34', '2023-07-23 15:51:34',
        0),
       (1683022025954140160, 3, '04', '03C', 0, '北京', '南京', 23300, 0, '2023-07-23 15:51:34', '2023-07-23 15:51:34',
        0),
       (1683022025966723072, 3, '04', '03D', 0, '北京', '南京', 23300, 0, '2023-07-23 15:51:34', '2023-07-23 15:51:34',
        0),
       (1683022025979305984, 3, '04', '03F', 0, '北京', '南京', 23300, 0, '2023-07-23 15:51:34', '2023-07-23 15:51:34',
        0),
       (1683022025987694592, 3, '04', '04A', 0, '北京', '南京', 23300, 0, '2023-07-23 15:51:34', '2023-07-23 15:51:34',
        0),
       (1683022025996083200, 3, '04', '04C', 0, '北京', '南京', 23300, 0, '2023-07-23 15:51:34', '2023-07-23 15:51:34',
        0),
       (1683022026008666112, 3, '04', '04D', 0, '北京', '南京', 23300, 0, '2023-07-23 15:51:34', '2023-07-23 15:51:34',
        0),
       (1683022026017054720, 3, '04', '04F', 0, '北京', '南京', 23300, 0, '2023-07-23 15:51:34', '2023-07-23 15:51:34',
        0),
       (1683022026025443328, 3, '04', '05A', 0, '北京', '南京', 23300, 0, '2023-07-23 15:51:34', '2023-07-23 15:51:34',
        0),
       (1683022026033831936, 3, '04', '05C', 0, '北京', '南京', 23300, 0, '2023-07-23 15:51:34', '2023-07-23 15:51:34',
        0),
       (1683022026042220544, 3, '04', '05D', 0, '北京', '南京', 23300, 0, '2023-07-23 15:51:34', '2023-07-23 15:51:34',
        0),
       (1683022026050609152, 3, '04', '05F', 0, '北京', '南京', 23300, 0, '2023-07-23 15:51:34', '2023-07-23 15:51:34',
        0),
       (1683022026058997760, 3, '04', '06A', 0, '北京', '南京', 23300, 0, '2023-07-23 15:51:34', '2023-07-23 15:51:34',
        0),
       (1683022026067386368, 3, '04', '06C', 0, '北京', '南京', 23300, 0, '2023-07-23 15:51:34', '2023-07-23 15:51:34',
        0),
       (1683022026075774976, 3, '04', '06D', 0, '北京', '南京', 23300, 0, '2023-07-23 15:51:34', '2023-07-23 15:51:34',
        0),
       (1683022026084163584, 3, '04', '06F', 0, '北京', '南京', 23300, 0, '2023-07-23 15:51:34', '2023-07-23 15:51:34',
        0),
       (1683022026096746496, 3, '01', '01A', 0, '北京', '嘉兴', 30900, 0, '2023-07-23 15:51:34', '2023-07-23 15:51:34',
        0),
       (1683022026105135104, 3, '01', '01D', 0, '北京', '嘉兴', 30900, 0, '2023-07-23 15:51:34', '2023-07-23 15:51:34',
        0),
       (1683022026109329408, 3, '01', '01F', 0, '北京', '嘉兴', 30900, 0, '2023-07-23 15:51:34', '2023-07-23 15:51:34',
        0),
       (1683022026117718016, 3, '01', '02A', 0, '北京', '嘉兴', 30900, 0, '2023-07-23 15:51:34', '2023-07-23 15:51:34',
        0),
       (1683022026126106624, 3, '01', '02C', 0, '北京', '嘉兴', 30900, 0, '2023-07-23 15:51:34', '2023-07-23 15:51:34',
        0),
       (1683022026134495232, 3, '01', '02D', 0, '北京', '嘉兴', 30900, 0, '2023-07-23 15:51:34', '2023-07-23 15:51:34',
        0),
       (1683022026142883840, 3, '01', '02F', 0, '北京', '嘉兴', 30900, 0, '2023-07-23 15:51:34', '2023-07-23 15:51:34',
        0),
       (1683022026151272448, 3, '01', '03A', 0, '北京', '嘉兴', 30900, 0, '2023-07-23 15:51:34', '2023-07-23 15:51:34',
        0),
       (1683022026159661056, 3, '01', '03C', 0, '北京', '嘉兴', 30900, 0, '2023-07-23 15:51:34', '2023-07-23 15:51:34',
        0),
       (1683022026168049664, 3, '01', '03D', 0, '北京', '嘉兴', 30900, 0, '2023-07-23 15:51:34', '2023-07-23 15:51:34',
        0),
       (1683022026172243968, 3, '01', '03F', 0, '北京', '嘉兴', 30900, 0, '2023-07-23 15:51:34', '2023-07-23 15:51:34',
        0),
       (1683022026180632576, 3, '01', '04A', 0, '北京', '嘉兴', 30900, 0, '2023-07-23 15:51:34', '2023-07-23 15:51:34',
        0),
       (1683022026189021184, 3, '01', '04C', 0, '北京', '嘉兴', 30900, 0, '2023-07-23 15:51:34', '2023-07-23 15:51:34',
        0),
       (1683022026197409792, 3, '01', '04D', 0, '北京', '嘉兴', 30900, 0, '2023-07-23 15:51:34', '2023-07-23 15:51:34',
        0),
       (1683022026205798400, 3, '01', '04F', 0, '北京', '嘉兴', 30900, 0, '2023-07-23 15:51:34', '2023-07-23 15:51:34',
        0),
       (1683022026209992704, 3, '01', '05A', 0, '北京', '嘉兴', 30900, 0, '2023-07-23 15:51:34', '2023-07-23 15:51:34',
        0),
       (1683022026218381312, 3, '01', '05C', 0, '北京', '嘉兴', 30900, 0, '2023-07-23 15:51:34', '2023-07-23 15:51:34',
        0),
       (1683022026226769920, 3, '01', '05D', 0, '北京', '嘉兴', 30900, 0, '2023-07-23 15:51:34', '2023-07-23 15:51:34',
        0),
       (1683022026235158528, 3, '01', '05F', 0, '北京', '嘉兴', 30900, 0, '2023-07-23 15:51:34', '2023-07-23 15:51:34',
        0),
       (1683022026243547136, 3, '01', '06A', 0, '北京', '嘉兴', 30900, 0, '2023-07-23 15:51:34', '2023-07-23 15:51:34',
        0),
       (1683022026251935744, 3, '01', '06C', 0, '北京', '嘉兴', 30900, 0, '2023-07-23 15:51:34', '2023-07-23 15:51:34',
        0),
       (1683022026260324352, 3, '01', '06D', 0, '北京', '嘉兴', 30900, 0, '2023-07-23 15:51:34', '2023-07-23 15:51:34',
        0),
       (1683022026264518656, 3, '01', '06F', 0, '北京', '嘉兴', 30900, 0, '2023-07-23 15:51:34', '2023-07-23 15:51:34',
        0),
       (1683022026272907264, 3, '02', '01A', 0, '北京', '嘉兴', 30900, 0, '2023-07-23 15:51:34', '2023-07-23 15:51:34',
        0),
       (1683022026281295872, 3, '02', '01D', 0, '北京', '嘉兴', 30900, 0, '2023-07-23 15:51:34', '2023-07-23 15:51:34',
        0),
       (1683022026285490176, 3, '02', '01F', 0, '北京', '嘉兴', 30900, 0, '2023-07-23 15:51:34', '2023-07-23 15:51:34',
        0),
       (1683022026293878784, 3, '02', '02A', 0, '北京', '嘉兴', 30900, 0, '2023-07-23 15:51:34', '2023-07-23 15:51:34',
        0),
       (1683022026302267392, 3, '02', '02C', 0, '北京', '嘉兴', 30900, 0, '2023-07-23 15:51:34', '2023-07-23 15:51:34',
        0),
       (1683022026310656000, 3, '02', '02D', 0, '北京', '嘉兴', 30900, 0, '2023-07-23 15:51:34', '2023-07-23 15:51:34',
        0),
       (1683022026319044608, 3, '02', '02F', 0, '北京', '嘉兴', 30900, 0, '2023-07-23 15:51:34', '2023-07-23 15:51:34',
        0),
       (1683022026323238912, 3, '02', '03A', 0, '北京', '嘉兴', 30900, 0, '2023-07-23 15:51:34', '2023-07-23 15:51:34',
        0),
       (1683022026331627520, 3, '02', '03C', 0, '北京', '嘉兴', 30900, 0, '2023-07-23 15:51:34', '2023-07-23 15:51:34',
        0),
       (1683022026340016128, 3, '02', '03D', 0, '北京', '嘉兴', 30900, 0, '2023-07-23 15:51:34', '2023-07-23 15:51:34',
        0),
       (1683022026348404736, 3, '02', '03F', 0, '北京', '嘉兴', 30900, 0, '2023-07-23 15:51:34', '2023-07-23 15:51:34',
        0),
       (1683022026356793344, 3, '02', '04A', 0, '北京', '嘉兴', 30900, 0, '2023-07-23 15:51:34', '2023-07-23 15:51:34',
        0),
       (1683022026365181952, 3, '02', '04C', 0, '北京', '嘉兴', 30900, 0, '2023-07-23 15:51:34', '2023-07-23 15:51:34',
        0),
       (1683022026377764864, 3, '02', '04D', 0, '北京', '嘉兴', 30900, 0, '2023-07-23 15:51:34', '2023-07-23 15:51:34',
        0),
       (1683022026386153472, 3, '02', '04F', 0, '北京', '嘉兴', 30900, 0, '2023-07-23 15:51:34', '2023-07-23 15:51:34',
        0),
       (1683022026398736384, 3, '02', '05A', 0, '北京', '嘉兴', 30900, 0, '2023-07-23 15:51:34', '2023-07-23 15:51:34',
        0),
       (1683022026407124992, 3, '02', '05C', 0, '北京', '嘉兴', 30900, 0, '2023-07-23 15:51:34', '2023-07-23 15:51:34',
        0),
       (1683022026415513600, 3, '02', '05D', 0, '北京', '嘉兴', 30900, 0, '2023-07-23 15:51:34', '2023-07-23 15:51:34',
        0),
       (1683022026423902208, 3, '02', '05F', 0, '北京', '嘉兴', 30900, 0, '2023-07-23 15:51:34', '2023-07-23 15:51:34',
        0),
       (1683022026432290816, 3, '02', '06A', 0, '北京', '嘉兴', 30900, 0, '2023-07-23 15:51:34', '2023-07-23 15:51:34',
        0),
       (1683022026440679424, 3, '02', '06C', 0, '北京', '嘉兴', 30900, 0, '2023-07-23 15:51:34', '2023-07-23 15:51:34',
        0),
       (1683022026449068032, 3, '02', '06D', 0, '北京', '嘉兴', 30900, 0, '2023-07-23 15:51:34', '2023-07-23 15:51:34',
        0),
       (1683022026461650944, 3, '02', '06F', 0, '北京', '嘉兴', 30900, 0, '2023-07-23 15:51:34', '2023-07-23 15:51:34',
        0),
       (1683022026470039552, 3, '03', '01A', 0, '北京', '嘉兴', 30900, 0, '2023-07-23 15:51:34', '2023-07-23 15:51:34',
        0),
       (1683022026478428160, 3, '03', '01D', 0, '北京', '嘉兴', 30900, 0, '2023-07-23 15:51:34', '2023-07-23 15:51:34',
        0),
       (1683022026486816768, 3, '03', '01F', 0, '北京', '嘉兴', 30900, 0, '2023-07-23 15:51:34', '2023-07-23 15:51:34',
        0),
       (1683022026495205376, 3, '03', '02A', 0, '北京', '嘉兴', 30900, 0, '2023-07-23 15:51:34', '2023-07-23 15:51:34',
        0),
       (1683022026503593984, 3, '03', '02C', 0, '北京', '嘉兴', 30900, 0, '2023-07-23 15:51:34', '2023-07-23 15:51:34',
        0),
       (1683022026511982592, 3, '03', '02D', 0, '北京', '嘉兴', 30900, 0, '2023-07-23 15:51:34', '2023-07-23 15:51:34',
        0),
       (1683022026520371200, 3, '03', '02F', 0, '北京', '嘉兴', 30900, 0, '2023-07-23 15:51:34', '2023-07-23 15:51:34',
        0),
       (1683022026528759808, 3, '03', '03A', 0, '北京', '嘉兴', 30900, 0, '2023-07-23 15:51:34', '2023-07-23 15:51:34',
        0),
       (1683022026537148416, 3, '03', '03C', 0, '北京', '嘉兴', 30900, 0, '2023-07-23 15:51:34', '2023-07-23 15:51:34',
        0),
       (1683022026545537024, 3, '03', '03D', 0, '北京', '嘉兴', 30900, 0, '2023-07-23 15:51:34', '2023-07-23 15:51:34',
        0),
       (1683022026553925632, 3, '03', '03F', 0, '北京', '嘉兴', 30900, 0, '2023-07-23 15:51:34', '2023-07-23 15:51:34',
        0),
       (1683022026562314240, 3, '03', '04A', 0, '北京', '嘉兴', 30900, 0, '2023-07-23 15:51:34', '2023-07-23 15:51:34',
        0),
       (1683022026570702848, 3, '03', '04C', 0, '北京', '嘉兴', 30900, 0, '2023-07-23 15:51:34', '2023-07-23 15:51:34',
        0),
       (1683022026579091456, 3, '03', '04D', 0, '北京', '嘉兴', 30900, 0, '2023-07-23 15:51:34', '2023-07-23 15:51:34',
        0),
       (1683022026591674368, 3, '03', '04F', 0, '北京', '嘉兴', 30900, 0, '2023-07-23 15:51:34', '2023-07-23 15:51:34',
        0),
       (1683022026600062976, 3, '03', '05A', 0, '北京', '嘉兴', 30900, 0, '2023-07-23 15:51:34', '2023-07-23 15:51:34',
        0),
       (1683022026608451584, 3, '03', '05C', 0, '北京', '嘉兴', 30900, 0, '2023-07-23 15:51:34', '2023-07-23 15:51:34',
        0),
       (1683022026621034496, 3, '03', '05D', 0, '北京', '嘉兴', 30900, 0, '2023-07-23 15:51:34', '2023-07-23 15:51:34',
        0),
       (1683022026629423104, 3, '03', '05F', 0, '北京', '嘉兴', 30900, 0, '2023-07-23 15:51:34', '2023-07-23 15:51:34',
        0),
       (1683022026637811712, 3, '03', '06A', 0, '北京', '嘉兴', 30900, 0, '2023-07-23 15:51:34', '2023-07-23 15:51:34',
        0),
       (1683022026646200320, 3, '03', '06C', 0, '北京', '嘉兴', 30900, 0, '2023-07-23 15:51:34', '2023-07-23 15:51:34',
        0),
       (1683022026654588928, 3, '03', '06D', 0, '北京', '嘉兴', 30900, 0, '2023-07-23 15:51:34', '2023-07-23 15:51:34',
        0),
       (1683022026662977536, 3, '03', '06F', 0, '北京', '嘉兴', 30900, 0, '2023-07-23 15:51:34', '2023-07-23 15:51:34',
        0),
       (1683022026675560448, 3, '04', '01A', 0, '北京', '嘉兴', 30900, 0, '2023-07-23 15:51:34', '2023-07-23 15:51:34',
        0),
       (1683022026683949056, 3, '04', '01D', 0, '北京', '嘉兴', 30900, 0, '2023-07-23 15:51:34', '2023-07-23 15:51:34',
        0),
       (1683022026692337664, 3, '04', '01F', 0, '北京', '嘉兴', 30900, 0, '2023-07-23 15:51:34', '2023-07-23 15:51:34',
        0),
       (1683022026704920576, 3, '04', '02A', 0, '北京', '嘉兴', 30900, 0, '2023-07-23 15:51:34', '2023-07-23 15:51:34',
        0),
       (1683022026713309184, 3, '04', '02C', 0, '北京', '嘉兴', 30900, 0, '2023-07-23 15:51:34', '2023-07-23 15:51:34',
        0),
       (1683022026721697792, 3, '04', '02D', 0, '北京', '嘉兴', 30900, 0, '2023-07-23 15:51:34', '2023-07-23 15:51:34',
        0),
       (1683022026730086400, 3, '04', '02F', 0, '北京', '嘉兴', 30900, 0, '2023-07-23 15:51:34', '2023-07-23 15:51:34',
        0),
       (1683022026738475008, 3, '04', '03A', 0, '北京', '嘉兴', 30900, 0, '2023-07-23 15:51:34', '2023-07-23 15:51:34',
        0),
       (1683022026746863616, 3, '04', '03C', 0, '北京', '嘉兴', 30900, 0, '2023-07-23 15:51:34', '2023-07-23 15:51:34',
        0),
       (1683022026759446528, 3, '04', '03D', 0, '北京', '嘉兴', 30900, 0, '2023-07-23 15:51:34', '2023-07-23 15:51:34',
        0),
       (1683022026767835136, 3, '04', '03F', 0, '北京', '嘉兴', 30900, 0, '2023-07-23 15:51:34', '2023-07-23 15:51:34',
        0),
       (1683022026776223744, 3, '04', '04A', 0, '北京', '嘉兴', 30900, 0, '2023-07-23 15:51:34', '2023-07-23 15:51:34',
        0),
       (1683022026780418048, 3, '04', '04C', 0, '北京', '嘉兴', 30900, 0, '2023-07-23 15:51:34', '2023-07-23 15:51:34',
        0),
       (1683022026793000960, 3, '04', '04D', 0, '北京', '嘉兴', 30900, 0, '2023-07-23 15:51:34', '2023-07-23 15:51:34',
        0),
       (1683022026801389568, 3, '04', '04F', 0, '北京', '嘉兴', 30900, 0, '2023-07-23 15:51:34', '2023-07-23 15:51:34',
        0),
       (1683022026809778176, 3, '04', '05A', 0, '北京', '嘉兴', 30900, 0, '2023-07-23 15:51:34', '2023-07-23 15:51:34',
        0),
       (1683022026818166784, 3, '04', '05C', 0, '北京', '嘉兴', 30900, 0, '2023-07-23 15:51:34', '2023-07-23 15:51:34',
        0),
       (1683022026826555392, 3, '04', '05D', 0, '北京', '嘉兴', 30900, 0, '2023-07-23 15:51:34', '2023-07-23 15:51:34',
        0),
       (1683022026834944000, 3, '04', '05F', 0, '北京', '嘉兴', 30900, 0, '2023-07-23 15:51:34', '2023-07-23 15:51:34',
        0),
       (1683022026843332608, 3, '04', '06A', 0, '北京', '嘉兴', 30900, 0, '2023-07-23 15:51:34', '2023-07-23 15:51:34',
        0),
       (1683022026851721216, 3, '04', '06C', 0, '北京', '嘉兴', 30900, 0, '2023-07-23 15:51:34', '2023-07-23 15:51:34',
        0),
       (1683022026860109824, 3, '04', '06D', 0, '北京', '嘉兴', 30900, 0, '2023-07-23 15:51:34', '2023-07-23 15:51:34',
        0),
       (1683022026868498432, 3, '04', '06F', 0, '北京', '嘉兴', 30900, 0, '2023-07-23 15:51:34', '2023-07-23 15:51:34',
        0),
       (1683022026876887040, 3, '01', '01A', 0, '北京', '海宁', 31500, 0, '2023-07-23 15:51:34', '2023-07-23 15:51:34',
        0),
       (1683022026881081344, 3, '01', '01D', 0, '北京', '海宁', 31500, 0, '2023-07-23 15:51:34', '2023-07-23 15:51:34',
        0),
       (1683022026889469952, 3, '01', '01F', 0, '北京', '海宁', 31500, 0, '2023-07-23 15:51:34', '2023-07-23 15:51:34',
        0),
       (1683022026897858560, 3, '01', '02A', 0, '北京', '海宁', 31500, 0, '2023-07-23 15:51:34', '2023-07-23 15:51:34',
        0),
       (1683022026906247168, 3, '01', '02C', 0, '北京', '海宁', 31500, 0, '2023-07-23 15:51:34', '2023-07-23 15:51:34',
        0),
       (1683022026914635776, 3, '01', '02D', 0, '北京', '海宁', 31500, 0, '2023-07-23 15:51:34', '2023-07-23 15:51:34',
        0),
       (1683022026918830080, 3, '01', '02F', 0, '北京', '海宁', 31500, 0, '2023-07-23 15:51:34', '2023-07-23 15:51:34',
        0),
       (1683022026927218688, 3, '01', '03A', 0, '北京', '海宁', 31500, 0, '2023-07-23 15:51:34', '2023-07-23 15:51:34',
        0),
       (1683022026935607296, 3, '01', '03C', 0, '北京', '海宁', 31500, 0, '2023-07-23 15:51:34', '2023-07-23 15:51:34',
        0),
       (1683022026943995904, 3, '01', '03D', 0, '北京', '海宁', 31500, 0, '2023-07-23 15:51:34', '2023-07-23 15:51:34',
        0),
       (1683022026952384512, 3, '01', '03F', 0, '北京', '海宁', 31500, 0, '2023-07-23 15:51:34', '2023-07-23 15:51:34',
        0),
       (1683022026960773120, 3, '01', '04A', 0, '北京', '海宁', 31500, 0, '2023-07-23 15:51:34', '2023-07-23 15:51:34',
        0),
       (1683022026969161728, 3, '01', '04C', 0, '北京', '海宁', 31500, 0, '2023-07-23 15:51:34', '2023-07-23 15:51:34',
        0),
       (1683022026977550336, 3, '01', '04D', 0, '北京', '海宁', 31500, 0, '2023-07-23 15:51:34', '2023-07-23 15:51:34',
        0),
       (1683022026981744640, 3, '01', '04F', 0, '北京', '海宁', 31500, 0, '2023-07-23 15:51:34', '2023-07-23 15:51:34',
        0),
       (1683022026990133248, 3, '01', '05A', 0, '北京', '海宁', 31500, 0, '2023-07-23 15:51:34', '2023-07-23 15:51:34',
        0),
       (1683022026998521856, 3, '01', '05C', 0, '北京', '海宁', 31500, 0, '2023-07-23 15:51:34', '2023-07-23 15:51:34',
        0),
       (1683022027006910464, 3, '01', '05D', 0, '北京', '海宁', 31500, 0, '2023-07-23 15:51:34', '2023-07-23 15:51:34',
        0),
       (1683022027015299072, 3, '01', '05F', 0, '北京', '海宁', 31500, 0, '2023-07-23 15:51:34', '2023-07-23 15:51:34',
        0),
       (1683022027019493376, 3, '01', '06A', 0, '北京', '海宁', 31500, 0, '2023-07-23 15:51:34', '2023-07-23 15:51:34',
        0),
       (1683022027027881984, 3, '01', '06C', 0, '北京', '海宁', 31500, 0, '2023-07-23 15:51:34', '2023-07-23 15:51:34',
        0),
       (1683022027036270592, 3, '01', '06D', 0, '北京', '海宁', 31500, 0, '2023-07-23 15:51:34', '2023-07-23 15:51:34',
        0),
       (1683022027044659200, 3, '01', '06F', 0, '北京', '海宁', 31500, 0, '2023-07-23 15:51:34', '2023-07-23 15:51:34',
        0),
       (1683022027053047808, 3, '02', '01A', 0, '北京', '海宁', 31500, 0, '2023-07-23 15:51:34', '2023-07-23 15:51:34',
        0),
       (1683022027061436416, 3, '02', '01D', 0, '北京', '海宁', 31500, 0, '2023-07-23 15:51:34', '2023-07-23 15:51:34',
        0),
       (1683022027069825024, 3, '02', '01F', 0, '北京', '海宁', 31500, 0, '2023-07-23 15:51:34', '2023-07-23 15:51:34',
        0),
       (1683022027074019328, 3, '02', '02A', 0, '北京', '海宁', 31500, 0, '2023-07-23 15:51:34', '2023-07-23 15:51:34',
        0),
       (1683022027086602240, 3, '02', '02C', 0, '北京', '海宁', 31500, 0, '2023-07-23 15:51:34', '2023-07-23 15:51:34',
        0),
       (1683022027094990848, 3, '02', '02D', 0, '北京', '海宁', 31500, 0, '2023-07-23 15:51:34', '2023-07-23 15:51:34',
        0),
       (1683022027099185152, 3, '02', '02F', 0, '北京', '海宁', 31500, 0, '2023-07-23 15:51:34', '2023-07-23 15:51:34',
        0),
       (1683022027111768064, 3, '02', '03A', 0, '北京', '海宁', 31500, 0, '2023-07-23 15:51:34', '2023-07-23 15:51:34',
        0),
       (1683022027115962368, 3, '02', '03C', 0, '北京', '海宁', 31500, 0, '2023-07-23 15:51:34', '2023-07-23 15:51:34',
        0),
       (1683022027128545280, 3, '02', '03D', 0, '北京', '海宁', 31500, 0, '2023-07-23 15:51:34', '2023-07-23 15:51:34',
        0),
       (1683022027136933888, 3, '02', '03F', 0, '北京', '海宁', 31500, 0, '2023-07-23 15:51:34', '2023-07-23 15:51:34',
        0),
       (1683022027145322496, 3, '02', '04A', 0, '北京', '海宁', 31500, 0, '2023-07-23 15:51:34', '2023-07-23 15:51:34',
        0),
       (1683022027149516800, 3, '02', '04C', 0, '北京', '海宁', 31500, 0, '2023-07-23 15:51:34', '2023-07-23 15:51:34',
        0),
       (1683022027157905408, 3, '02', '04D', 0, '北京', '海宁', 31500, 0, '2023-07-23 15:51:34', '2023-07-23 15:51:34',
        0),
       (1683022027166294016, 3, '02', '04F', 0, '北京', '海宁', 31500, 0, '2023-07-23 15:51:34', '2023-07-23 15:51:34',
        0),
       (1683022027174682624, 3, '02', '05A', 0, '北京', '海宁', 31500, 0, '2023-07-23 15:51:34', '2023-07-23 15:51:34',
        0),
       (1683022027183071232, 3, '02', '05C', 0, '北京', '海宁', 31500, 0, '2023-07-23 15:51:34', '2023-07-23 15:51:34',
        0),
       (1683022027191459840, 3, '02', '05D', 0, '北京', '海宁', 31500, 0, '2023-07-23 15:51:34', '2023-07-23 15:51:34',
        0),
       (1683022027199848448, 3, '02', '05F', 0, '北京', '海宁', 31500, 0, '2023-07-23 15:51:34', '2023-07-23 15:51:34',
        0),
       (1683022027208237056, 3, '02', '06A', 0, '北京', '海宁', 31500, 0, '2023-07-23 15:51:34', '2023-07-23 15:51:34',
        0),
       (1683022027216625664, 3, '02', '06C', 0, '北京', '海宁', 31500, 0, '2023-07-23 15:51:34', '2023-07-23 15:51:34',
        0),
       (1683022027225014272, 3, '02', '06D', 0, '北京', '海宁', 31500, 0, '2023-07-23 15:51:34', '2023-07-23 15:51:34',
        0),
       (1683022027233402880, 3, '02', '06F', 0, '北京', '海宁', 31500, 0, '2023-07-23 15:51:34', '2023-07-23 15:51:34',
        0),
       (1683022027241791488, 3, '03', '01A', 0, '北京', '海宁', 31500, 0, '2023-07-23 15:51:34', '2023-07-23 15:51:34',
        0),
       (1683022027254374400, 3, '03', '01D', 0, '北京', '海宁', 31500, 0, '2023-07-23 15:51:34', '2023-07-23 15:51:34',
        0),
       (1683022027262763008, 3, '03', '01F', 0, '北京', '海宁', 31500, 0, '2023-07-23 15:51:34', '2023-07-23 15:51:34',
        0),
       (1683022027271151616, 3, '03', '02A', 0, '北京', '海宁', 31500, 0, '2023-07-23 15:51:34', '2023-07-23 15:51:34',
        0),
       (1683022027279540224, 3, '03', '02C', 0, '北京', '海宁', 31500, 0, '2023-07-23 15:51:34', '2023-07-23 15:51:34',
        0),
       (1683022027287928832, 3, '03', '02D', 0, '北京', '海宁', 31500, 0, '2023-07-23 15:51:34', '2023-07-23 15:51:34',
        0),
       (1683022027296317440, 3, '03', '02F', 0, '北京', '海宁', 31500, 0, '2023-07-23 15:51:34', '2023-07-23 15:51:34',
        0),
       (1683022027304706048, 3, '03', '03A', 0, '北京', '海宁', 31500, 0, '2023-07-23 15:51:34', '2023-07-23 15:51:34',
        0),
       (1683022027313094656, 3, '03', '03C', 0, '北京', '海宁', 31500, 0, '2023-07-23 15:51:34', '2023-07-23 15:51:34',
        0),
       (1683022027321483264, 3, '03', '03D', 0, '北京', '海宁', 31500, 0, '2023-07-23 15:51:34', '2023-07-23 15:51:34',
        0),
       (1683022027334066176, 3, '03', '03F', 0, '北京', '海宁', 31500, 0, '2023-07-23 15:51:34', '2023-07-23 15:51:34',
        0),
       (1683022027342454784, 3, '03', '04A', 0, '北京', '海宁', 31500, 0, '2023-07-23 15:51:34', '2023-07-23 15:51:34',
        0),
       (1683022027355037696, 3, '03', '04C', 0, '北京', '海宁', 31500, 0, '2023-07-23 15:51:34', '2023-07-23 15:51:34',
        0),
       (1683022027367620608, 3, '03', '04D', 0, '北京', '海宁', 31500, 0, '2023-07-23 15:51:34', '2023-07-23 15:51:34',
        0),
       (1683022027376009216, 3, '03', '04F', 0, '北京', '海宁', 31500, 0, '2023-07-23 15:51:34', '2023-07-23 15:51:34',
        0),
       (1683022027384397824, 3, '03', '05A', 0, '北京', '海宁', 31500, 0, '2023-07-23 15:51:34', '2023-07-23 15:51:34',
        0),
       (1683022027392786432, 3, '03', '05C', 0, '北京', '海宁', 31500, 0, '2023-07-23 15:51:34', '2023-07-23 15:51:34',
        0),
       (1683022027401175040, 3, '03', '05D', 0, '北京', '海宁', 31500, 0, '2023-07-23 15:51:34', '2023-07-23 15:51:34',
        0),
       (1683022027409563648, 3, '03', '05F', 0, '北京', '海宁', 31500, 0, '2023-07-23 15:51:34', '2023-07-23 15:51:34',
        0),
       (1683022027422146560, 3, '03', '06A', 0, '北京', '海宁', 31500, 0, '2023-07-23 15:51:34', '2023-07-23 15:51:34',
        0),
       (1683022027430535168, 3, '03', '06C', 0, '北京', '海宁', 31500, 0, '2023-07-23 15:51:34', '2023-07-23 15:51:34',
        0),
       (1683022027443118080, 3, '03', '06D', 0, '北京', '海宁', 31500, 0, '2023-07-23 15:51:34', '2023-07-23 15:51:34',
        0),
       (1683022027451506688, 3, '03', '06F', 0, '北京', '海宁', 31500, 0, '2023-07-23 15:51:34', '2023-07-23 15:51:34',
        0),
       (1683022027459895296, 3, '04', '01A', 0, '北京', '海宁', 31500, 0, '2023-07-23 15:51:34', '2023-07-23 15:51:34',
        0),
       (1683022027468283904, 3, '04', '01D', 0, '北京', '海宁', 31500, 0, '2023-07-23 15:51:34', '2023-07-23 15:51:34',
        0),
       (1683022027476672512, 3, '04', '01F', 0, '北京', '海宁', 31500, 0, '2023-07-23 15:51:34', '2023-07-23 15:51:34',
        0),
       (1683022027485061120, 3, '04', '02A', 0, '北京', '海宁', 31500, 0, '2023-07-23 15:51:34', '2023-07-23 15:51:34',
        0),
       (1683022027493449728, 3, '04', '02C', 0, '北京', '海宁', 31500, 0, '2023-07-23 15:51:34', '2023-07-23 15:51:34',
        0),
       (1683022027501838336, 3, '04', '02D', 0, '北京', '海宁', 31500, 0, '2023-07-23 15:51:34', '2023-07-23 15:51:34',
        0),
       (1683022027510226944, 3, '04', '02F', 0, '北京', '海宁', 31500, 0, '2023-07-23 15:51:34', '2023-07-23 15:51:34',
        0),
       (1683022027514421248, 3, '04', '03A', 0, '北京', '海宁', 31500, 0, '2023-07-23 15:51:34', '2023-07-23 15:51:34',
        0),
       (1683022027527004160, 3, '04', '03C', 0, '北京', '海宁', 31500, 0, '2023-07-23 15:51:34', '2023-07-23 15:51:34',
        0),
       (1683022027531198464, 3, '04', '03D', 0, '北京', '海宁', 31500, 0, '2023-07-23 15:51:34', '2023-07-23 15:51:34',
        0),
       (1683022027539587072, 3, '04', '03F', 0, '北京', '海宁', 31500, 0, '2023-07-23 15:51:34', '2023-07-23 15:51:34',
        0),
       (1683022027547975680, 3, '04', '04A', 0, '北京', '海宁', 31500, 0, '2023-07-23 15:51:34', '2023-07-23 15:51:34',
        0),
       (1683022027556364288, 3, '04', '04C', 0, '北京', '海宁', 31500, 0, '2023-07-23 15:51:34', '2023-07-23 15:51:34',
        0),
       (1683022027564752896, 3, '04', '04D', 0, '北京', '海宁', 31500, 0, '2023-07-23 15:51:34', '2023-07-23 15:51:34',
        0),
       (1683022027577335808, 3, '04', '04F', 0, '北京', '海宁', 31500, 0, '2023-07-23 15:51:34', '2023-07-23 15:51:34',
        0),
       (1683022027585724416, 3, '04', '05A', 0, '北京', '海宁', 31500, 0, '2023-07-23 15:51:34', '2023-07-23 15:51:34',
        0),
       (1683022027594113024, 3, '04', '05C', 0, '北京', '海宁', 31500, 0, '2023-07-23 15:51:34', '2023-07-23 15:51:34',
        0),
       (1683022027602501632, 3, '04', '05D', 0, '北京', '海宁', 31500, 0, '2023-07-23 15:51:34', '2023-07-23 15:51:34',
        0),
       (1683022027610890240, 3, '04', '05F', 0, '北京', '海宁', 31500, 0, '2023-07-23 15:51:34', '2023-07-23 15:51:34',
        0),
       (1683022027619278848, 3, '04', '06A', 0, '北京', '海宁', 31500, 0, '2023-07-23 15:51:34', '2023-07-23 15:51:34',
        0),
       (1683022027627667456, 3, '04', '06C', 0, '北京', '海宁', 31500, 0, '2023-07-23 15:51:34', '2023-07-23 15:51:34',
        0),
       (1683022027636056064, 3, '04', '06D', 0, '北京', '海宁', 31500, 0, '2023-07-23 15:51:34', '2023-07-23 15:51:34',
        0),
       (1683022027644444672, 3, '04', '06F', 0, '北京', '海宁', 31500, 0, '2023-07-23 15:51:34', '2023-07-23 15:51:34',
        0),
       (1683022027652833280, 3, '01', '01A', 0, '北京', '杭州', 32800, 0, '2023-07-23 15:51:34', '2023-07-23 15:51:34',
        0),
       (1683022027661221888, 3, '01', '01D', 0, '北京', '杭州', 32800, 0, '2023-07-23 15:51:34', '2023-07-23 15:51:34',
        0),
       (1683022027669610496, 3, '01', '01F', 0, '北京', '杭州', 32800, 0, '2023-07-23 15:51:34', '2023-07-23 15:51:34',
        0),
       (1683022027682193408, 3, '01', '02A', 0, '北京', '杭州', 32800, 0, '2023-07-23 15:51:34', '2023-07-23 15:51:34',
        0),
       (1683022027694776320, 3, '01', '02C', 0, '北京', '杭州', 32800, 0, '2023-07-23 15:51:34', '2023-07-23 15:51:34',
        0),
       (1683022027703164928, 3, '01', '02D', 0, '北京', '杭州', 32800, 0, '2023-07-23 15:51:34', '2023-07-23 15:51:34',
        0),
       (1683022027711553536, 3, '01', '02F', 0, '北京', '杭州', 32800, 0, '2023-07-23 15:51:34', '2023-07-23 15:51:34',
        0),
       (1683022027724136448, 3, '01', '03A', 0, '北京', '杭州', 32800, 0, '2023-07-23 15:51:34', '2023-07-23 15:51:34',
        0),
       (1683022027736719360, 3, '01', '03C', 0, '北京', '杭州', 32800, 0, '2023-07-23 15:51:34', '2023-07-23 15:51:34',
        0),
       (1683022027745107968, 3, '01', '03D', 0, '北京', '杭州', 32800, 0, '2023-07-23 15:51:34', '2023-07-23 15:51:34',
        0),
       (1683022027753496576, 3, '01', '03F', 0, '北京', '杭州', 32800, 0, '2023-07-23 15:51:34', '2023-07-23 15:51:34',
        0),
       (1683022027757690880, 3, '01', '04A', 0, '北京', '杭州', 32800, 0, '2023-07-23 15:51:34', '2023-07-23 15:51:34',
        0),
       (1683022027770273792, 3, '01', '04C', 0, '北京', '杭州', 32800, 0, '2023-07-23 15:51:34', '2023-07-23 15:51:34',
        0),
       (1683022027782856704, 3, '01', '04D', 0, '北京', '杭州', 32800, 0, '2023-07-23 15:51:34', '2023-07-23 15:51:34',
        0),
       (1683022027791245312, 3, '01', '04F', 0, '北京', '杭州', 32800, 0, '2023-07-23 15:51:34', '2023-07-23 15:51:34',
        0),
       (1683022027799633920, 3, '01', '05A', 0, '北京', '杭州', 32800, 0, '2023-07-23 15:51:34', '2023-07-23 15:51:34',
        0),
       (1683022027808022528, 3, '01', '05C', 0, '北京', '杭州', 32800, 0, '2023-07-23 15:51:34', '2023-07-23 15:51:34',
        0),
       (1683022027820605440, 3, '01', '05D', 0, '北京', '杭州', 32800, 0, '2023-07-23 15:51:34', '2023-07-23 15:51:34',
        0),
       (1683022027828994048, 3, '01', '05F', 0, '北京', '杭州', 32800, 0, '2023-07-23 15:51:34', '2023-07-23 15:51:34',
        0),
       (1683022027841576960, 3, '01', '06A', 0, '北京', '杭州', 32800, 0, '2023-07-23 15:51:34', '2023-07-23 15:51:34',
        0),
       (1683022027849965568, 3, '01', '06C', 0, '北京', '杭州', 32800, 0, '2023-07-23 15:51:34', '2023-07-23 15:51:34',
        0),
       (1683022027854159872, 3, '01', '06D', 0, '北京', '杭州', 32800, 0, '2023-07-23 15:51:34', '2023-07-23 15:51:34',
        0),
       (1683022027862548480, 3, '01', '06F', 0, '北京', '杭州', 32800, 0, '2023-07-23 15:51:34', '2023-07-23 15:51:34',
        0),
       (1683022027870937088, 3, '02', '01A', 0, '北京', '杭州', 32800, 0, '2023-07-23 15:51:34', '2023-07-23 15:51:34',
        0),
       (1683022027883520000, 3, '02', '01D', 0, '北京', '杭州', 32800, 0, '2023-07-23 15:51:34', '2023-07-23 15:51:34',
        0),
       (1683022027891908608, 3, '02', '01F', 0, '北京', '杭州', 32800, 0, '2023-07-23 15:51:34', '2023-07-23 15:51:34',
        0),
       (1683022027896102912, 3, '02', '02A', 0, '北京', '杭州', 32800, 0, '2023-07-23 15:51:34', '2023-07-23 15:51:34',
        0),
       (1683022027904491520, 3, '02', '02C', 0, '北京', '杭州', 32800, 0, '2023-07-23 15:51:34', '2023-07-23 15:51:34',
        0),
       (1683022027912880128, 3, '02', '02D', 0, '北京', '杭州', 32800, 0, '2023-07-23 15:51:34', '2023-07-23 15:51:34',
        0),
       (1683022027925463040, 3, '02', '02F', 0, '北京', '杭州', 32800, 0, '2023-07-23 15:51:34', '2023-07-23 15:51:34',
        0),
       (1683022027933851648, 3, '02', '03A', 0, '北京', '杭州', 32800, 0, '2023-07-23 15:51:34', '2023-07-23 15:51:34',
        0),
       (1683022027942240256, 3, '02', '03C', 0, '北京', '杭州', 32800, 0, '2023-07-23 15:51:34', '2023-07-23 15:51:34',
        0),
       (1683022027946434560, 3, '02', '03D', 0, '北京', '杭州', 32800, 0, '2023-07-23 15:51:34', '2023-07-23 15:51:34',
        0),
       (1683022027959017472, 3, '02', '03F', 0, '北京', '杭州', 32800, 0, '2023-07-23 15:51:34', '2023-07-23 15:51:34',
        0),
       (1683022027967406080, 3, '02', '04A', 0, '北京', '杭州', 32800, 0, '2023-07-23 15:51:34', '2023-07-23 15:51:34',
        0),
       (1683022027975794688, 3, '02', '04C', 0, '北京', '杭州', 32800, 0, '2023-07-23 15:51:34', '2023-07-23 15:51:34',
        0),
       (1683022027984183296, 3, '02', '04D', 0, '北京', '杭州', 32800, 0, '2023-07-23 15:51:34', '2023-07-23 15:51:34',
        0),
       (1683022027992571904, 3, '02', '04F', 0, '北京', '杭州', 32800, 0, '2023-07-23 15:51:34', '2023-07-23 15:51:34',
        0),
       (1683022028000960512, 3, '02', '05A', 0, '北京', '杭州', 32800, 0, '2023-07-23 15:51:34', '2023-07-23 15:51:34',
        0),
       (1683022028009349120, 3, '02', '05C', 0, '北京', '杭州', 32800, 0, '2023-07-23 15:51:34', '2023-07-23 15:51:34',
        0),
       (1683022028017737728, 3, '02', '05D', 0, '北京', '杭州', 32800, 0, '2023-07-23 15:51:34', '2023-07-23 15:51:34',
        0),
       (1683022028021932032, 3, '02', '05F', 0, '北京', '杭州', 32800, 0, '2023-07-23 15:51:34', '2023-07-23 15:51:34',
        0),
       (1683022028034514944, 3, '02', '06A', 0, '北京', '杭州', 32800, 0, '2023-07-23 15:51:34', '2023-07-23 15:51:34',
        0),
       (1683022028042903552, 3, '02', '06C', 0, '北京', '杭州', 32800, 0, '2023-07-23 15:51:34', '2023-07-23 15:51:34',
        0),
       (1683022028051292160, 3, '02', '06D', 0, '北京', '杭州', 32800, 0, '2023-07-23 15:51:34', '2023-07-23 15:51:34',
        0),
       (1683022028063875072, 3, '02', '06F', 0, '北京', '杭州', 32800, 0, '2023-07-23 15:51:34', '2023-07-23 15:51:34',
        0),
       (1683022028072263680, 3, '03', '01A', 0, '北京', '杭州', 32800, 0, '2023-07-23 15:51:34', '2023-07-23 15:51:34',
        0),
       (1683022028084846592, 3, '03', '01D', 0, '北京', '杭州', 32800, 0, '2023-07-23 15:51:34', '2023-07-23 15:51:34',
        0),
       (1683022028089040896, 3, '03', '01F', 0, '北京', '杭州', 32800, 0, '2023-07-23 15:51:34', '2023-07-23 15:51:34',
        0),
       (1683022028097429504, 3, '03', '02A', 0, '北京', '杭州', 32800, 0, '2023-07-23 15:51:34', '2023-07-23 15:51:34',
        0),
       (1683022028105818112, 3, '03', '02C', 0, '北京', '杭州', 32800, 0, '2023-07-23 15:51:34', '2023-07-23 15:51:34',
        0),
       (1683022028114206720, 3, '03', '02D', 0, '北京', '杭州', 32800, 0, '2023-07-23 15:51:34', '2023-07-23 15:51:34',
        0),
       (1683022028122595328, 3, '03', '02F', 0, '北京', '杭州', 32800, 0, '2023-07-23 15:51:34', '2023-07-23 15:51:34',
        0),
       (1683022028126789632, 3, '03', '03A', 0, '北京', '杭州', 32800, 0, '2023-07-23 15:51:34', '2023-07-23 15:51:34',
        0),
       (1683022028135178240, 3, '03', '03C', 0, '北京', '杭州', 32800, 0, '2023-07-23 15:51:34', '2023-07-23 15:51:34',
        0),
       (1683022028143566848, 3, '03', '03D', 0, '北京', '杭州', 32800, 0, '2023-07-23 15:51:34', '2023-07-23 15:51:34',
        0),
       (1683022028156149760, 3, '03', '03F', 0, '北京', '杭州', 32800, 0, '2023-07-23 15:51:34', '2023-07-23 15:51:34',
        0),
       (1683022028164538368, 3, '03', '04A', 0, '北京', '杭州', 32800, 0, '2023-07-23 15:51:34', '2023-07-23 15:51:34',
        0),
       (1683022028172926976, 3, '03', '04C', 0, '北京', '杭州', 32800, 0, '2023-07-23 15:51:34', '2023-07-23 15:51:34',
        0),
       (1683022028177121280, 3, '03', '04D', 0, '北京', '杭州', 32800, 0, '2023-07-23 15:51:34', '2023-07-23 15:51:34',
        0),
       (1683022028189704192, 3, '03', '04F', 0, '北京', '杭州', 32800, 0, '2023-07-23 15:51:34', '2023-07-23 15:51:34',
        0),
       (1683022028198092800, 3, '03', '05A', 0, '北京', '杭州', 32800, 0, '2023-07-23 15:51:34', '2023-07-23 15:51:34',
        0),
       (1683022028206481408, 3, '03', '05C', 0, '北京', '杭州', 32800, 0, '2023-07-23 15:51:34', '2023-07-23 15:51:34',
        0),
       (1683022028214870016, 3, '03', '05D', 0, '北京', '杭州', 32800, 0, '2023-07-23 15:51:34', '2023-07-23 15:51:34',
        0),
       (1683022028223258624, 3, '03', '05F', 0, '北京', '杭州', 32800, 0, '2023-07-23 15:51:34', '2023-07-23 15:51:34',
        0),
       (1683022028235841536, 3, '03', '06A', 0, '北京', '杭州', 32800, 0, '2023-07-23 15:51:34', '2023-07-23 15:51:34',
        0),
       (1683022028244230144, 3, '03', '06C', 0, '北京', '杭州', 32800, 0, '2023-07-23 15:51:34', '2023-07-23 15:51:34',
        0),
       (1683022028252618752, 3, '03', '06D', 0, '北京', '杭州', 32800, 0, '2023-07-23 15:51:34', '2023-07-23 15:51:34',
        0),
       (1683022028261007360, 3, '03', '06F', 0, '北京', '杭州', 32800, 0, '2023-07-23 15:51:34', '2023-07-23 15:51:34',
        0),
       (1683022028269395968, 3, '04', '01A', 0, '北京', '杭州', 32800, 0, '2023-07-23 15:51:34', '2023-07-23 15:51:34',
        0),
       (1683022028277784576, 3, '04', '01D', 0, '北京', '杭州', 32800, 0, '2023-07-23 15:51:34', '2023-07-23 15:51:34',
        0),
       (1683022028286173184, 3, '04', '01F', 0, '北京', '杭州', 32800, 0, '2023-07-23 15:51:34', '2023-07-23 15:51:34',
        0),
       (1683022028294561792, 3, '04', '02A', 0, '北京', '杭州', 32800, 0, '2023-07-23 15:51:34', '2023-07-23 15:51:34',
        0),
       (1683022028302950400, 3, '04', '02C', 0, '北京', '杭州', 32800, 0, '2023-07-23 15:51:34', '2023-07-23 15:51:34',
        0),
       (1683022028311339008, 3, '04', '02D', 0, '北京', '杭州', 32800, 0, '2023-07-23 15:51:34', '2023-07-23 15:51:34',
        0),
       (1683022028323921920, 3, '04', '02F', 0, '北京', '杭州', 32800, 0, '2023-07-23 15:51:34', '2023-07-23 15:51:34',
        0),
       (1683022028332310528, 3, '04', '03A', 0, '北京', '杭州', 32800, 0, '2023-07-23 15:51:34', '2023-07-23 15:51:34',
        0),
       (1683022028340699136, 3, '04', '03C', 0, '北京', '杭州', 32800, 0, '2023-07-23 15:51:34', '2023-07-23 15:51:34',
        0),
       (1683022028353282048, 3, '04', '03D', 0, '北京', '杭州', 32800, 0, '2023-07-23 15:51:34', '2023-07-23 15:51:34',
        0),
       (1683022028361670656, 3, '04', '03F', 0, '北京', '杭州', 32800, 0, '2023-07-23 15:51:34', '2023-07-23 15:51:34',
        0),
       (1683022028370059264, 3, '04', '04A', 0, '北京', '杭州', 32800, 0, '2023-07-23 15:51:34', '2023-07-23 15:51:34',
        0),
       (1683022028378447872, 3, '04', '04C', 0, '北京', '杭州', 32800, 0, '2023-07-23 15:51:34', '2023-07-23 15:51:34',
        0),
       (1683022028386836480, 3, '04', '04D', 0, '北京', '杭州', 32800, 0, '2023-07-23 15:51:34', '2023-07-23 15:51:34',
        0),
       (1683022028395225088, 3, '04', '04F', 0, '北京', '杭州', 32800, 0, '2023-07-23 15:51:34', '2023-07-23 15:51:34',
        0),
       (1683022028407808000, 3, '04', '05A', 0, '北京', '杭州', 32800, 0, '2023-07-23 15:51:34', '2023-07-23 15:51:34',
        0),
       (1683022028416196608, 3, '04', '05C', 0, '北京', '杭州', 32800, 0, '2023-07-23 15:51:34', '2023-07-23 15:51:34',
        0),
       (1683022028424585216, 3, '04', '05D', 0, '北京', '杭州', 32800, 0, '2023-07-23 15:51:34', '2023-07-23 15:51:34',
        0),
       (1683022028432973824, 3, '04', '05F', 0, '北京', '杭州', 32800, 0, '2023-07-23 15:51:34', '2023-07-23 15:51:34',
        0),
       (1683022028441362432, 3, '04', '06A', 0, '北京', '杭州', 32800, 0, '2023-07-23 15:51:34', '2023-07-23 15:51:34',
        0),
       (1683022028453945344, 3, '04', '06C', 0, '北京', '杭州', 32800, 0, '2023-07-23 15:51:34', '2023-07-23 15:51:34',
        0),
       (1683022028462333952, 3, '04', '06D', 0, '北京', '杭州', 32800, 0, '2023-07-23 15:51:34', '2023-07-23 15:51:34',
        0),
       (1683022028470722560, 3, '04', '06F', 0, '北京', '杭州', 32800, 0, '2023-07-23 15:51:34', '2023-07-23 15:51:34',
        0),
       (1683022028479111168, 3, '01', '01A', 0, '德州', '南京', 15700, 0, '2023-07-23 15:51:34', '2023-07-23 15:51:34',
        0),
       (1683022028487499776, 3, '01', '01D', 0, '德州', '南京', 15700, 0, '2023-07-23 15:51:34', '2023-07-23 15:51:34',
        0),
       (1683022028495888384, 3, '01', '01F', 0, '德州', '南京', 15700, 0, '2023-07-23 15:51:34', '2023-07-23 15:51:34',
        0),
       (1683022028504276992, 3, '01', '02A', 0, '德州', '南京', 15700, 0, '2023-07-23 15:51:34', '2023-07-23 15:51:34',
        0),
       (1683022028512665600, 3, '01', '02C', 0, '德州', '南京', 15700, 0, '2023-07-23 15:51:34', '2023-07-23 15:51:34',
        0),
       (1683022028525248512, 3, '01', '02D', 0, '德州', '南京', 15700, 0, '2023-07-23 15:51:34', '2023-07-23 15:51:34',
        0),
       (1683022028533637120, 3, '01', '02F', 0, '德州', '南京', 15700, 0, '2023-07-23 15:51:34', '2023-07-23 15:51:34',
        0),
       (1683022028542025728, 3, '01', '03A', 0, '德州', '南京', 15700, 0, '2023-07-23 15:51:34', '2023-07-23 15:51:34',
        0),
       (1683022028550414336, 3, '01', '03C', 0, '德州', '南京', 15700, 0, '2023-07-23 15:51:34', '2023-07-23 15:51:34',
        0),
       (1683022028558802944, 3, '01', '03D', 0, '德州', '南京', 15700, 0, '2023-07-23 15:51:34', '2023-07-23 15:51:34',
        0),
       (1683022028567191552, 3, '01', '03F', 0, '德州', '南京', 15700, 0, '2023-07-23 15:51:34', '2023-07-23 15:51:34',
        0),
       (1683022028575580160, 3, '01', '04A', 0, '德州', '南京', 15700, 0, '2023-07-23 15:51:34', '2023-07-23 15:51:34',
        0),
       (1683022028583968768, 3, '01', '04C', 0, '德州', '南京', 15700, 0, '2023-07-23 15:51:34', '2023-07-23 15:51:34',
        0),
       (1683022028592357376, 3, '01', '04D', 0, '德州', '南京', 15700, 0, '2023-07-23 15:51:34', '2023-07-23 15:51:34',
        0),
       (1683022028600745984, 3, '01', '04F', 0, '德州', '南京', 15700, 0, '2023-07-23 15:51:34', '2023-07-23 15:51:34',
        0),
       (1683022028613328896, 3, '01', '05A', 0, '德州', '南京', 15700, 0, '2023-07-23 15:51:34', '2023-07-23 15:51:34',
        0),
       (1683022028621717504, 3, '01', '05C', 0, '德州', '南京', 15700, 0, '2023-07-23 15:51:34', '2023-07-23 15:51:34',
        0),
       (1683022028630106112, 3, '01', '05D', 0, '德州', '南京', 15700, 0, '2023-07-23 15:51:34', '2023-07-23 15:51:34',
        0),
       (1683022028638494720, 3, '01', '05F', 0, '德州', '南京', 15700, 0, '2023-07-23 15:51:34', '2023-07-23 15:51:34',
        0),
       (1683022028646883328, 3, '01', '06A', 0, '德州', '南京', 15700, 0, '2023-07-23 15:51:34', '2023-07-23 15:51:34',
        0),
       (1683022028655271936, 3, '01', '06C', 0, '德州', '南京', 15700, 0, '2023-07-23 15:51:34', '2023-07-23 15:51:34',
        0),
       (1683022028663660544, 3, '01', '06D', 0, '德州', '南京', 15700, 0, '2023-07-23 15:51:34', '2023-07-23 15:51:34',
        0),
       (1683022028667854848, 3, '01', '06F', 0, '德州', '南京', 15700, 0, '2023-07-23 15:51:34', '2023-07-23 15:51:34',
        0),
       (1683022028676243456, 3, '02', '01A', 0, '德州', '南京', 15700, 0, '2023-07-23 15:51:34', '2023-07-23 15:51:34',
        0),
       (1683022028684632064, 3, '02', '01D', 0, '德州', '南京', 15700, 0, '2023-07-23 15:51:34', '2023-07-23 15:51:34',
        0),
       (1683022028693020672, 3, '02', '01F', 0, '德州', '南京', 15700, 0, '2023-07-23 15:51:34', '2023-07-23 15:51:34',
        0),
       (1683022028697214976, 3, '02', '02A', 0, '德州', '南京', 15700, 0, '2023-07-23 15:51:34', '2023-07-23 15:51:34',
        0),
       (1683022028709797888, 3, '02', '02C', 0, '德州', '南京', 15700, 0, '2023-07-23 15:51:34', '2023-07-23 15:51:34',
        0),
       (1683022028722380800, 3, '02', '02D', 0, '德州', '南京', 15700, 0, '2023-07-23 15:51:34', '2023-07-23 15:51:34',
        0),
       (1683022028730769408, 3, '02', '02F', 0, '德州', '南京', 15700, 0, '2023-07-23 15:51:34', '2023-07-23 15:51:34',
        0),
       (1683022028739158016, 3, '02', '03A', 0, '德州', '南京', 15700, 0, '2023-07-23 15:51:34', '2023-07-23 15:51:34',
        0),
       (1683022028747546624, 3, '02', '03C', 0, '德州', '南京', 15700, 0, '2023-07-23 15:51:34', '2023-07-23 15:51:34',
        0),
       (1683022028755935232, 3, '02', '03D', 0, '德州', '南京', 15700, 0, '2023-07-23 15:51:34', '2023-07-23 15:51:34',
        0),
       (1683022028764323840, 3, '02', '03F', 0, '德州', '南京', 15700, 0, '2023-07-23 15:51:34', '2023-07-23 15:51:34',
        0),
       (1683022028772712448, 3, '02', '04A', 0, '德州', '南京', 15700, 0, '2023-07-23 15:51:34', '2023-07-23 15:51:34',
        0),
       (1683022028781101056, 3, '02', '04C', 0, '德州', '南京', 15700, 0, '2023-07-23 15:51:34', '2023-07-23 15:51:34',
        0),
       (1683022028789489664, 3, '02', '04D', 0, '德州', '南京', 15700, 0, '2023-07-23 15:51:34', '2023-07-23 15:51:34',
        0),
       (1683022028797878272, 3, '02', '04F', 0, '德州', '南京', 15700, 0, '2023-07-23 15:51:34', '2023-07-23 15:51:34',
        0),
       (1683022028806266880, 3, '02', '05A', 0, '德州', '南京', 15700, 0, '2023-07-23 15:51:34', '2023-07-23 15:51:34',
        0),
       (1683022028814655488, 3, '02', '05C', 0, '德州', '南京', 15700, 0, '2023-07-23 15:51:34', '2023-07-23 15:51:34',
        0);

INSERT INTO `t_seat` (`id`, `train_id`, `carriage_number`, `seat_number`, `seat_type`, `start_station`, `end_station`,
                      `price`, `seat_status`, `create_time`, `update_time`, `del_flag`)
VALUES (1683022028823044096, 3, '02', '05D', 0, '德州', '南京', 15700, 0, '2023-07-23 15:51:34', '2023-07-23 15:51:34',
        0),
       (1683022028831432704, 3, '02', '05F', 0, '德州', '南京', 15700, 0, '2023-07-23 15:51:34', '2023-07-23 15:51:34',
        0),
       (1683022028839821312, 3, '02', '06A', 0, '德州', '南京', 15700, 0, '2023-07-23 15:51:34', '2023-07-23 15:51:34',
        0),
       (1683022028848209920, 3, '02', '06C', 0, '德州', '南京', 15700, 0, '2023-07-23 15:51:34', '2023-07-23 15:51:34',
        0),
       (1683022028856598528, 3, '02', '06D', 0, '德州', '南京', 15700, 0, '2023-07-23 15:51:34', '2023-07-23 15:51:34',
        0),
       (1683022028864987136, 3, '02', '06F', 0, '德州', '南京', 15700, 0, '2023-07-23 15:51:34', '2023-07-23 15:51:34',
        0),
       (1683022028873375744, 3, '03', '01A', 0, '德州', '南京', 15700, 0, '2023-07-23 15:51:34', '2023-07-23 15:51:34',
        0),
       (1683022028881764352, 3, '03', '01D', 0, '德州', '南京', 15700, 0, '2023-07-23 15:51:34', '2023-07-23 15:51:34',
        0),
       (1683022028894347264, 3, '03', '01F', 0, '德州', '南京', 15700, 0, '2023-07-23 15:51:34', '2023-07-23 15:51:34',
        0),
       (1683022028906930176, 3, '03', '02A', 0, '德州', '南京', 15700, 0, '2023-07-23 15:51:34', '2023-07-23 15:51:34',
        0),
       (1683022028915318784, 3, '03', '02C', 0, '德州', '南京', 15700, 0, '2023-07-23 15:51:34', '2023-07-23 15:51:34',
        0),
       (1683022028923707392, 3, '03', '02D', 0, '德州', '南京', 15700, 0, '2023-07-23 15:51:34', '2023-07-23 15:51:34',
        0),
       (1683022028936290304, 3, '03', '02F', 0, '德州', '南京', 15700, 0, '2023-07-23 15:51:34', '2023-07-23 15:51:34',
        0),
       (1683022028944678912, 3, '03', '03A', 0, '德州', '南京', 15700, 0, '2023-07-23 15:51:34', '2023-07-23 15:51:34',
        0),
       (1683022028953067520, 3, '03', '03C', 0, '德州', '南京', 15700, 0, '2023-07-23 15:51:34', '2023-07-23 15:51:34',
        0),
       (1683022028961456128, 3, '03', '03D', 0, '德州', '南京', 15700, 0, '2023-07-23 15:51:34', '2023-07-23 15:51:34',
        0),
       (1683022028969844736, 3, '03', '03F', 0, '德州', '南京', 15700, 0, '2023-07-23 15:51:34', '2023-07-23 15:51:34',
        0),
       (1683022028978233344, 3, '03', '04A', 0, '德州', '南京', 15700, 0, '2023-07-23 15:51:34', '2023-07-23 15:51:34',
        0),
       (1683022028990816256, 3, '03', '04C', 0, '德州', '南京', 15700, 0, '2023-07-23 15:51:34', '2023-07-23 15:51:34',
        0),
       (1683022028999204864, 3, '03', '04D', 0, '德州', '南京', 15700, 0, '2023-07-23 15:51:34', '2023-07-23 15:51:34',
        0),
       (1683022029007593472, 3, '03', '04F', 0, '德州', '南京', 15700, 0, '2023-07-23 15:51:34', '2023-07-23 15:51:34',
        0),
       (1683022029015982080, 3, '03', '05A', 0, '德州', '南京', 15700, 0, '2023-07-23 15:51:34', '2023-07-23 15:51:34',
        0),
       (1683022029024370688, 3, '03', '05C', 0, '德州', '南京', 15700, 0, '2023-07-23 15:51:34', '2023-07-23 15:51:34',
        0),
       (1683022029032759296, 3, '03', '05D', 0, '德州', '南京', 15700, 0, '2023-07-23 15:51:34', '2023-07-23 15:51:34',
        0),
       (1683022029041147904, 3, '03', '05F', 0, '德州', '南京', 15700, 0, '2023-07-23 15:51:34', '2023-07-23 15:51:34',
        0),
       (1683022029049536512, 3, '03', '06A', 0, '德州', '南京', 15700, 0, '2023-07-23 15:51:34', '2023-07-23 15:51:34',
        0),
       (1683022029057925120, 3, '03', '06C', 0, '德州', '南京', 15700, 0, '2023-07-23 15:51:34', '2023-07-23 15:51:34',
        0),
       (1683022029066313728, 3, '03', '06D', 0, '德州', '南京', 15700, 0, '2023-07-23 15:51:34', '2023-07-23 15:51:34',
        0),
       (1683022029087285248, 3, '03', '06F', 0, '德州', '南京', 15700, 0, '2023-07-23 15:51:34', '2023-07-23 15:51:34',
        0),
       (1683022029099868160, 3, '04', '01A', 0, '德州', '南京', 15700, 0, '2023-07-23 15:51:34', '2023-07-23 15:51:34',
        0),
       (1683022029108256768, 3, '04', '01D', 0, '德州', '南京', 15700, 0, '2023-07-23 15:51:34', '2023-07-23 15:51:34',
        0),
       (1683022029116645376, 3, '04', '01F', 0, '德州', '南京', 15700, 0, '2023-07-23 15:51:34', '2023-07-23 15:51:34',
        0),
       (1683022029125033984, 3, '04', '02A', 0, '德州', '南京', 15700, 0, '2023-07-23 15:51:34', '2023-07-23 15:51:34',
        0),
       (1683022029133422592, 3, '04', '02C', 0, '德州', '南京', 15700, 0, '2023-07-23 15:51:34', '2023-07-23 15:51:34',
        0),
       (1683022029141811200, 3, '04', '02D', 0, '德州', '南京', 15700, 0, '2023-07-23 15:51:34', '2023-07-23 15:51:34',
        0),
       (1683022029150199808, 3, '04', '02F', 0, '德州', '南京', 15700, 0, '2023-07-23 15:51:34', '2023-07-23 15:51:34',
        0),
       (1683022029158588416, 3, '04', '03A', 0, '德州', '南京', 15700, 0, '2023-07-23 15:51:34', '2023-07-23 15:51:34',
        0),
       (1683022029171171328, 3, '04', '03C', 0, '德州', '南京', 15700, 0, '2023-07-23 15:51:34', '2023-07-23 15:51:34',
        0),
       (1683022029179559936, 3, '04', '03D', 0, '德州', '南京', 15700, 0, '2023-07-23 15:51:34', '2023-07-23 15:51:34',
        0),
       (1683022029187948544, 3, '04', '03F', 0, '德州', '南京', 15700, 0, '2023-07-23 15:51:34', '2023-07-23 15:51:34',
        0),
       (1683022029196337152, 3, '04', '04A', 0, '德州', '南京', 15700, 0, '2023-07-23 15:51:34', '2023-07-23 15:51:34',
        0),
       (1683022029234085888, 3, '04', '04C', 0, '德州', '南京', 15700, 0, '2023-07-23 15:51:34', '2023-07-23 15:51:34',
        0),
       (1683022029246668800, 3, '04', '04D', 0, '德州', '南京', 15700, 0, '2023-07-23 15:51:34', '2023-07-23 15:51:34',
        0),
       (1683022029255057408, 3, '04', '04F', 0, '德州', '南京', 15700, 0, '2023-07-23 15:51:34', '2023-07-23 15:51:34',
        0),
       (1683022029267640320, 3, '04', '05A', 0, '德州', '南京', 15700, 0, '2023-07-23 15:51:34', '2023-07-23 15:51:34',
        0),
       (1683022029276028928, 3, '04', '05C', 0, '德州', '南京', 15700, 0, '2023-07-23 15:51:34', '2023-07-23 15:51:34',
        0),
       (1683022029288611840, 3, '04', '05D', 0, '德州', '南京', 15700, 0, '2023-07-23 15:51:34', '2023-07-23 15:51:34',
        0),
       (1683022029301194752, 3, '04', '05F', 0, '德州', '南京', 15700, 0, '2023-07-23 15:51:34', '2023-07-23 15:51:34',
        0),
       (1683022029309583360, 3, '04', '06A', 0, '德州', '南京', 15700, 0, '2023-07-23 15:51:34', '2023-07-23 15:51:34',
        0),
       (1683022029317971968, 3, '04', '06C', 0, '德州', '南京', 15700, 0, '2023-07-23 15:51:34', '2023-07-23 15:51:34',
        0),
       (1683022029326360576, 3, '04', '06D', 0, '德州', '南京', 15700, 0, '2023-07-23 15:51:34', '2023-07-23 15:51:34',
        0),
       (1683022029338943488, 3, '04', '06F', 0, '德州', '南京', 15700, 0, '2023-07-23 15:51:34', '2023-07-23 15:51:34',
        0),
       (1683022029347332096, 3, '01', '01A', 0, '德州', '嘉兴', 23300, 0, '2023-07-23 15:51:34', '2023-07-23 15:51:34',
        0),
       (1683022029359915008, 3, '01', '01D', 0, '德州', '嘉兴', 23300, 0, '2023-07-23 15:51:34', '2023-07-23 15:51:34',
        0),
       (1683022029368303616, 3, '01', '01F', 0, '德州', '嘉兴', 23300, 0, '2023-07-23 15:51:34', '2023-07-23 15:51:34',
        0),
       (1683022029376692224, 3, '01', '02A', 0, '德州', '嘉兴', 23300, 0, '2023-07-23 15:51:34', '2023-07-23 15:51:34',
        0),
       (1683022029385080832, 3, '01', '02C', 0, '德州', '嘉兴', 23300, 0, '2023-07-23 15:51:34', '2023-07-23 15:51:34',
        0),
       (1683022029393469440, 3, '01', '02D', 0, '德州', '嘉兴', 23300, 0, '2023-07-23 15:51:34', '2023-07-23 15:51:34',
        0),
       (1683022029401858048, 3, '01', '02F', 0, '德州', '嘉兴', 23300, 0, '2023-07-23 15:51:34', '2023-07-23 15:51:34',
        0),
       (1683022029410246656, 3, '01', '03A', 0, '德州', '嘉兴', 23300, 0, '2023-07-23 15:51:34', '2023-07-23 15:51:34',
        0),
       (1683022029422829568, 3, '01', '03C', 0, '德州', '嘉兴', 23300, 0, '2023-07-23 15:51:34', '2023-07-23 15:51:34',
        0),
       (1683022029427023872, 3, '01', '03D', 0, '德州', '嘉兴', 23300, 0, '2023-07-23 15:51:34', '2023-07-23 15:51:34',
        0),
       (1683022029435412480, 3, '01', '03F', 0, '德州', '嘉兴', 23300, 0, '2023-07-23 15:51:34', '2023-07-23 15:51:34',
        0),
       (1683022029443801088, 3, '01', '04A', 0, '德州', '嘉兴', 23300, 0, '2023-07-23 15:51:34', '2023-07-23 15:51:34',
        0),
       (1683022029456384000, 3, '01', '04C', 0, '德州', '嘉兴', 23300, 0, '2023-07-23 15:51:34', '2023-07-23 15:51:34',
        0),
       (1683022029464772608, 3, '01', '04D', 0, '德州', '嘉兴', 23300, 0, '2023-07-23 15:51:34', '2023-07-23 15:51:34',
        0),
       (1683022029473161216, 3, '01', '04F', 0, '德州', '嘉兴', 23300, 0, '2023-07-23 15:51:34', '2023-07-23 15:51:34',
        0),
       (1683022029477355520, 3, '01', '05A', 0, '德州', '嘉兴', 23300, 0, '2023-07-23 15:51:34', '2023-07-23 15:51:34',
        0),
       (1683022029485744128, 3, '01', '05C', 0, '德州', '嘉兴', 23300, 0, '2023-07-23 15:51:34', '2023-07-23 15:51:34',
        0),
       (1683022029498327040, 3, '01', '05D', 0, '德州', '嘉兴', 23300, 0, '2023-07-23 15:51:34', '2023-07-23 15:51:34',
        0),
       (1683022029506715648, 3, '01', '05F', 0, '德州', '嘉兴', 23300, 0, '2023-07-23 15:51:34', '2023-07-23 15:51:34',
        0),
       (1683022029515104256, 3, '01', '06A', 0, '德州', '嘉兴', 23300, 0, '2023-07-23 15:51:34', '2023-07-23 15:51:34',
        0),
       (1683022029523492864, 3, '01', '06C', 0, '德州', '嘉兴', 23300, 0, '2023-07-23 15:51:34', '2023-07-23 15:51:34',
        0),
       (1683022029531881472, 3, '01', '06D', 0, '德州', '嘉兴', 23300, 0, '2023-07-23 15:51:34', '2023-07-23 15:51:34',
        0),
       (1683022029540270080, 3, '01', '06F', 0, '德州', '嘉兴', 23300, 0, '2023-07-23 15:51:34', '2023-07-23 15:51:34',
        0),
       (1683022029548658688, 3, '02', '01A', 0, '德州', '嘉兴', 23300, 0, '2023-07-23 15:51:34', '2023-07-23 15:51:34',
        0),
       (1683022029557047296, 3, '02', '01D', 0, '德州', '嘉兴', 23300, 0, '2023-07-23 15:51:34', '2023-07-23 15:51:34',
        0),
       (1683022029565435904, 3, '02', '01F', 0, '德州', '嘉兴', 23300, 0, '2023-07-23 15:51:34', '2023-07-23 15:51:34',
        0),
       (1683022029573824512, 3, '02', '02A', 0, '德州', '嘉兴', 23300, 0, '2023-07-23 15:51:34', '2023-07-23 15:51:34',
        0),
       (1683022029582213120, 3, '02', '02C', 0, '德州', '嘉兴', 23300, 0, '2023-07-23 15:51:34', '2023-07-23 15:51:34',
        0),
       (1683022029590601728, 3, '02', '02D', 0, '德州', '嘉兴', 23300, 0, '2023-07-23 15:51:34', '2023-07-23 15:51:34',
        0),
       (1683022029598990336, 3, '02', '02F', 0, '德州', '嘉兴', 23300, 0, '2023-07-23 15:51:34', '2023-07-23 15:51:34',
        0),
       (1683022029603184640, 3, '02', '03A', 0, '德州', '嘉兴', 23300, 0, '2023-07-23 15:51:34', '2023-07-23 15:51:34',
        0),
       (1683022029611573248, 3, '02', '03C', 0, '德州', '嘉兴', 23300, 0, '2023-07-23 15:51:34', '2023-07-23 15:51:34',
        0),
       (1683022029624156160, 3, '02', '03D', 0, '德州', '嘉兴', 23300, 0, '2023-07-23 15:51:34', '2023-07-23 15:51:34',
        0),
       (1683022029632544768, 3, '02', '03F', 0, '德州', '嘉兴', 23300, 0, '2023-07-23 15:51:34', '2023-07-23 15:51:34',
        0),
       (1683022029640933376, 3, '02', '04A', 0, '德州', '嘉兴', 23300, 0, '2023-07-23 15:51:34', '2023-07-23 15:51:34',
        0),
       (1683022029649321984, 3, '02', '04C', 0, '德州', '嘉兴', 23300, 0, '2023-07-23 15:51:34', '2023-07-23 15:51:34',
        0),
       (1683022029657710592, 3, '02', '04D', 0, '德州', '嘉兴', 23300, 0, '2023-07-23 15:51:34', '2023-07-23 15:51:34',
        0),
       (1683022029666099200, 3, '02', '04F', 0, '德州', '嘉兴', 23300, 0, '2023-07-23 15:51:34', '2023-07-23 15:51:34',
        0),
       (1683022029670293504, 3, '02', '05A', 0, '德州', '嘉兴', 23300, 0, '2023-07-23 15:51:34', '2023-07-23 15:51:34',
        0),
       (1683022029678682112, 3, '02', '05C', 0, '德州', '嘉兴', 23300, 0, '2023-07-23 15:51:34', '2023-07-23 15:51:34',
        0),
       (1683022029687070720, 3, '02', '05D', 0, '德州', '嘉兴', 23300, 0, '2023-07-23 15:51:34', '2023-07-23 15:51:34',
        0),
       (1683022029695459328, 3, '02', '05F', 0, '德州', '嘉兴', 23300, 0, '2023-07-23 15:51:34', '2023-07-23 15:51:34',
        0),
       (1683022029703847936, 3, '02', '06A', 0, '德州', '嘉兴', 23300, 0, '2023-07-23 15:51:34', '2023-07-23 15:51:34',
        0),
       (1683022029712236544, 3, '02', '06C', 0, '德州', '嘉兴', 23300, 0, '2023-07-23 15:51:34', '2023-07-23 15:51:34',
        0),
       (1683022029716430848, 3, '02', '06D', 0, '德州', '嘉兴', 23300, 0, '2023-07-23 15:51:34', '2023-07-23 15:51:34',
        0),
       (1683022029724819456, 3, '02', '06F', 0, '德州', '嘉兴', 23300, 0, '2023-07-23 15:51:34', '2023-07-23 15:51:34',
        0),
       (1683022029733208064, 3, '03', '01A', 0, '德州', '嘉兴', 23300, 0, '2023-07-23 15:51:34', '2023-07-23 15:51:34',
        0),
       (1683022029741596672, 3, '03', '01D', 0, '德州', '嘉兴', 23300, 0, '2023-07-23 15:51:34', '2023-07-23 15:51:34',
        0),
       (1683022029749985280, 3, '03', '01F', 0, '德州', '嘉兴', 23300, 0, '2023-07-23 15:51:34', '2023-07-23 15:51:34',
        0),
       (1683022029762568192, 3, '03', '02A', 0, '德州', '嘉兴', 23300, 0, '2023-07-23 15:51:34', '2023-07-23 15:51:34',
        0),
       (1683022029770956800, 3, '03', '02C', 0, '德州', '嘉兴', 23300, 0, '2023-07-23 15:51:34', '2023-07-23 15:51:34',
        0),
       (1683022029779345408, 3, '03', '02D', 0, '德州', '嘉兴', 23300, 0, '2023-07-23 15:51:34', '2023-07-23 15:51:34',
        0),
       (1683022029787734016, 3, '03', '02F', 0, '德州', '嘉兴', 23300, 0, '2023-07-23 15:51:34', '2023-07-23 15:51:34',
        0),
       (1683022029796122624, 3, '03', '03A', 0, '德州', '嘉兴', 23300, 0, '2023-07-23 15:51:34', '2023-07-23 15:51:34',
        0),
       (1683022029804511232, 3, '03', '03C', 0, '德州', '嘉兴', 23300, 0, '2023-07-23 15:51:34', '2023-07-23 15:51:34',
        0),
       (1683022029817094144, 3, '03', '03D', 0, '德州', '嘉兴', 23300, 0, '2023-07-23 15:51:34', '2023-07-23 15:51:34',
        0),
       (1683022029825482752, 3, '03', '03F', 0, '德州', '嘉兴', 23300, 0, '2023-07-23 15:51:34', '2023-07-23 15:51:34',
        0),
       (1683022029833871360, 3, '03', '04A', 0, '德州', '嘉兴', 23300, 0, '2023-07-23 15:51:34', '2023-07-23 15:51:34',
        0),
       (1683022029842259968, 3, '03', '04C', 0, '德州', '嘉兴', 23300, 0, '2023-07-23 15:51:34', '2023-07-23 15:51:34',
        0),
       (1683022029850648576, 3, '03', '04D', 0, '德州', '嘉兴', 23300, 0, '2023-07-23 15:51:34', '2023-07-23 15:51:34',
        0),
       (1683022029859037184, 3, '03', '04F', 0, '德州', '嘉兴', 23300, 0, '2023-07-23 15:51:34', '2023-07-23 15:51:34',
        0),
       (1683022029867425792, 3, '03', '05A', 0, '德州', '嘉兴', 23300, 0, '2023-07-23 15:51:34', '2023-07-23 15:51:34',
        0),
       (1683022029880008704, 3, '03', '05C', 0, '德州', '嘉兴', 23300, 0, '2023-07-23 15:51:34', '2023-07-23 15:51:34',
        0),
       (1683022029888397312, 3, '03', '05D', 0, '德州', '嘉兴', 23300, 0, '2023-07-23 15:51:34', '2023-07-23 15:51:34',
        0),
       (1683022029892591616, 3, '03', '05F', 0, '德州', '嘉兴', 23300, 0, '2023-07-23 15:51:34', '2023-07-23 15:51:34',
        0),
       (1683022029905174528, 3, '03', '06A', 0, '德州', '嘉兴', 23300, 0, '2023-07-23 15:51:34', '2023-07-23 15:51:34',
        0),
       (1683022029913563136, 3, '03', '06C', 0, '德州', '嘉兴', 23300, 0, '2023-07-23 15:51:34', '2023-07-23 15:51:34',
        0),
       (1683022029921951744, 3, '03', '06D', 0, '德州', '嘉兴', 23300, 0, '2023-07-23 15:51:34', '2023-07-23 15:51:34',
        0),
       (1683022029934534656, 3, '03', '06F', 0, '德州', '嘉兴', 23300, 0, '2023-07-23 15:51:34', '2023-07-23 15:51:34',
        0),
       (1683022029942923264, 3, '04', '01A', 0, '德州', '嘉兴', 23300, 0, '2023-07-23 15:51:34', '2023-07-23 15:51:34',
        0),
       (1683022029951311872, 3, '04', '01D', 0, '德州', '嘉兴', 23300, 0, '2023-07-23 15:51:34', '2023-07-23 15:51:34',
        0),
       (1683022029963894784, 3, '04', '01F', 0, '德州', '嘉兴', 23300, 0, '2023-07-23 15:51:34', '2023-07-23 15:51:34',
        0),
       (1683022029972283392, 3, '04', '02A', 0, '德州', '嘉兴', 23300, 0, '2023-07-23 15:51:34', '2023-07-23 15:51:34',
        0),
       (1683022029980672000, 3, '04', '02C', 0, '德州', '嘉兴', 23300, 0, '2023-07-23 15:51:34', '2023-07-23 15:51:34',
        0),
       (1683022029989060608, 3, '04', '02D', 0, '德州', '嘉兴', 23300, 0, '2023-07-23 15:51:34', '2023-07-23 15:51:34',
        0),
       (1683022029997449216, 3, '04', '02F', 0, '德州', '嘉兴', 23300, 0, '2023-07-23 15:51:34', '2023-07-23 15:51:34',
        0),
       (1683022030005837824, 3, '04', '03A', 0, '德州', '嘉兴', 23300, 0, '2023-07-23 15:51:34', '2023-07-23 15:51:34',
        0),
       (1683022030014226432, 3, '04', '03C', 0, '德州', '嘉兴', 23300, 0, '2023-07-23 15:51:34', '2023-07-23 15:51:34',
        0),
       (1683022030026809344, 3, '04', '03D', 0, '德州', '嘉兴', 23300, 0, '2023-07-23 15:51:34', '2023-07-23 15:51:34',
        0),
       (1683022030035197952, 3, '04', '03F', 0, '德州', '嘉兴', 23300, 0, '2023-07-23 15:51:34', '2023-07-23 15:51:34',
        0),
       (1683022030043586560, 3, '04', '04A', 0, '德州', '嘉兴', 23300, 0, '2023-07-23 15:51:34', '2023-07-23 15:51:34',
        0),
       (1683022030047780864, 3, '04', '04C', 0, '德州', '嘉兴', 23300, 0, '2023-07-23 15:51:34', '2023-07-23 15:51:34',
        0),
       (1683022030056169472, 3, '04', '04D', 0, '德州', '嘉兴', 23300, 0, '2023-07-23 15:51:34', '2023-07-23 15:51:34',
        0),
       (1683022030064558080, 3, '04', '04F', 0, '德州', '嘉兴', 23300, 0, '2023-07-23 15:51:34', '2023-07-23 15:51:34',
        0),
       (1683022030072946688, 3, '04', '05A', 0, '德州', '嘉兴', 23300, 0, '2023-07-23 15:51:34', '2023-07-23 15:51:34',
        0),
       (1683022030081335296, 3, '04', '05C', 0, '德州', '嘉兴', 23300, 0, '2023-07-23 15:51:34', '2023-07-23 15:51:34',
        0),
       (1683022030089723904, 3, '04', '05D', 0, '德州', '嘉兴', 23300, 0, '2023-07-23 15:51:34', '2023-07-23 15:51:34',
        0),
       (1683022030098112512, 3, '04', '05F', 0, '德州', '嘉兴', 23300, 0, '2023-07-23 15:51:34', '2023-07-23 15:51:34',
        0),
       (1683022030110695424, 3, '04', '06A', 0, '德州', '嘉兴', 23300, 0, '2023-07-23 15:51:34', '2023-07-23 15:51:34',
        0),
       (1683022030119084032, 3, '04', '06C', 0, '德州', '嘉兴', 23300, 0, '2023-07-23 15:51:34', '2023-07-23 15:51:34',
        0),
       (1683022030131666944, 3, '04', '06D', 0, '德州', '嘉兴', 23300, 0, '2023-07-23 15:51:34', '2023-07-23 15:51:34',
        0),
       (1683022030140055552, 3, '04', '06F', 0, '德州', '嘉兴', 23300, 0, '2023-07-23 15:51:34', '2023-07-23 15:51:34',
        0),
       (1683022030148444160, 3, '01', '01A', 0, '德州', '海宁', 23900, 0, '2023-07-23 15:51:34', '2023-07-23 15:51:34',
        0),
       (1683022030156832768, 3, '01', '01D', 0, '德州', '海宁', 23900, 0, '2023-07-23 15:51:34', '2023-07-23 15:51:34',
        0),
       (1683022030165221376, 3, '01', '01F', 0, '德州', '海宁', 23900, 0, '2023-07-23 15:51:34', '2023-07-23 15:51:34',
        0),
       (1683022030173609984, 3, '01', '02A', 0, '德州', '海宁', 23900, 0, '2023-07-23 15:51:34', '2023-07-23 15:51:34',
        0),
       (1683022030181998592, 3, '01', '02C', 0, '德州', '海宁', 23900, 0, '2023-07-23 15:51:34', '2023-07-23 15:51:34',
        0),
       (1683022030190387200, 3, '01', '02D', 0, '德州', '海宁', 23900, 0, '2023-07-23 15:51:34', '2023-07-23 15:51:34',
        0),
       (1683022030198775808, 3, '01', '02F', 0, '德州', '海宁', 23900, 0, '2023-07-23 15:51:34', '2023-07-23 15:51:34',
        0),
       (1683022030207164416, 3, '01', '03A', 0, '德州', '海宁', 23900, 0, '2023-07-23 15:51:34', '2023-07-23 15:51:34',
        0),
       (1683022030215553024, 3, '01', '03C', 0, '德州', '海宁', 23900, 0, '2023-07-23 15:51:34', '2023-07-23 15:51:34',
        0),
       (1683022030223941632, 3, '01', '03D', 0, '德州', '海宁', 23900, 0, '2023-07-23 15:51:34', '2023-07-23 15:51:34',
        0),
       (1683022030232330240, 3, '01', '03F', 0, '德州', '海宁', 23900, 0, '2023-07-23 15:51:34', '2023-07-23 15:51:34',
        0),
       (1683022030240718848, 3, '01', '04A', 0, '德州', '海宁', 23900, 0, '2023-07-23 15:51:34', '2023-07-23 15:51:34',
        0),
       (1683022030249107456, 3, '01', '04C', 0, '德州', '海宁', 23900, 0, '2023-07-23 15:51:34', '2023-07-23 15:51:34',
        0),
       (1683022030257496064, 3, '01', '04D', 0, '德州', '海宁', 23900, 0, '2023-07-23 15:51:34', '2023-07-23 15:51:34',
        0),
       (1683022030265884672, 3, '01', '04F', 0, '德州', '海宁', 23900, 0, '2023-07-23 15:51:34', '2023-07-23 15:51:34',
        0),
       (1683022030270078976, 3, '01', '05A', 0, '德州', '海宁', 23900, 0, '2023-07-23 15:51:34', '2023-07-23 15:51:34',
        0),
       (1683022030278467584, 3, '01', '05C', 0, '德州', '海宁', 23900, 0, '2023-07-23 15:51:34', '2023-07-23 15:51:34',
        0),
       (1683022030291050496, 3, '01', '05D', 0, '德州', '海宁', 23900, 0, '2023-07-23 15:51:34', '2023-07-23 15:51:34',
        0),
       (1683022030299439104, 3, '01', '05F', 0, '德州', '海宁', 23900, 0, '2023-07-23 15:51:34', '2023-07-23 15:51:34',
        0),
       (1683022030307827712, 3, '01', '06A', 0, '德州', '海宁', 23900, 0, '2023-07-23 15:51:34', '2023-07-23 15:51:34',
        0),
       (1683022030316216320, 3, '01', '06C', 0, '德州', '海宁', 23900, 0, '2023-07-23 15:51:34', '2023-07-23 15:51:34',
        0),
       (1683022030328799232, 3, '01', '06D', 0, '德州', '海宁', 23900, 0, '2023-07-23 15:51:34', '2023-07-23 15:51:34',
        0),
       (1683022030337187840, 3, '01', '06F', 0, '德州', '海宁', 23900, 0, '2023-07-23 15:51:34', '2023-07-23 15:51:34',
        0),
       (1683022030345576448, 3, '02', '01A', 0, '德州', '海宁', 23900, 0, '2023-07-23 15:51:34', '2023-07-23 15:51:34',
        0),
       (1683022030349770752, 3, '02', '01D', 0, '德州', '海宁', 23900, 0, '2023-07-23 15:51:34', '2023-07-23 15:51:34',
        0),
       (1683022030362353664, 3, '02', '01F', 0, '德州', '海宁', 23900, 0, '2023-07-23 15:51:34', '2023-07-23 15:51:34',
        0),
       (1683022030370742272, 3, '02', '02A', 0, '德州', '海宁', 23900, 0, '2023-07-23 15:51:34', '2023-07-23 15:51:34',
        0),
       (1683022030379130880, 3, '02', '02C', 0, '德州', '海宁', 23900, 0, '2023-07-23 15:51:34', '2023-07-23 15:51:34',
        0),
       (1683022030387519488, 3, '02', '02D', 0, '德州', '海宁', 23900, 0, '2023-07-23 15:51:34', '2023-07-23 15:51:34',
        0),
       (1683022030395908096, 3, '02', '02F', 0, '德州', '海宁', 23900, 0, '2023-07-23 15:51:34', '2023-07-23 15:51:34',
        0),
       (1683022030408491008, 3, '02', '03A', 0, '德州', '海宁', 23900, 0, '2023-07-23 15:51:34', '2023-07-23 15:51:34',
        0),
       (1683022030416879616, 3, '02', '03C', 0, '德州', '海宁', 23900, 0, '2023-07-23 15:51:34', '2023-07-23 15:51:34',
        0),
       (1683022030425268224, 3, '02', '03D', 0, '德州', '海宁', 23900, 0, '2023-07-23 15:51:34', '2023-07-23 15:51:34',
        0),
       (1683022030433656832, 3, '02', '03F', 0, '德州', '海宁', 23900, 0, '2023-07-23 15:51:34', '2023-07-23 15:51:34',
        0),
       (1683022030442045440, 3, '02', '04A', 0, '德州', '海宁', 23900, 0, '2023-07-23 15:51:34', '2023-07-23 15:51:34',
        0),
       (1683022030450434048, 3, '02', '04C', 0, '德州', '海宁', 23900, 0, '2023-07-23 15:51:34', '2023-07-23 15:51:34',
        0),
       (1683022030458822656, 3, '02', '04D', 0, '德州', '海宁', 23900, 0, '2023-07-23 15:51:34', '2023-07-23 15:51:34',
        0),
       (1683022030463016960, 3, '02', '04F', 0, '德州', '海宁', 23900, 0, '2023-07-23 15:51:34', '2023-07-23 15:51:34',
        0),
       (1683022030471405568, 3, '02', '05A', 0, '德州', '海宁', 23900, 0, '2023-07-23 15:51:34', '2023-07-23 15:51:34',
        0),
       (1683022030479794176, 3, '02', '05C', 0, '德州', '海宁', 23900, 0, '2023-07-23 15:51:34', '2023-07-23 15:51:34',
        0),
       (1683022030488182784, 3, '02', '05D', 0, '德州', '海宁', 23900, 0, '2023-07-23 15:51:34', '2023-07-23 15:51:34',
        0),
       (1683022030496571392, 3, '02', '05F', 0, '德州', '海宁', 23900, 0, '2023-07-23 15:51:34', '2023-07-23 15:51:34',
        0),
       (1683022030504960000, 3, '02', '06A', 0, '德州', '海宁', 23900, 0, '2023-07-23 15:51:34', '2023-07-23 15:51:34',
        0),
       (1683022030513348608, 3, '02', '06C', 0, '德州', '海宁', 23900, 0, '2023-07-23 15:51:34', '2023-07-23 15:51:34',
        0),
       (1683022030521737216, 3, '02', '06D', 0, '德州', '海宁', 23900, 0, '2023-07-23 15:51:34', '2023-07-23 15:51:34',
        0),
       (1683022030530125824, 3, '02', '06F', 0, '德州', '海宁', 23900, 0, '2023-07-23 15:51:34', '2023-07-23 15:51:34',
        0),
       (1683022030538514432, 3, '03', '01A', 0, '德州', '海宁', 23900, 0, '2023-07-23 15:51:34', '2023-07-23 15:51:34',
        0),
       (1683022030546903040, 3, '03', '01D', 0, '德州', '海宁', 23900, 0, '2023-07-23 15:51:34', '2023-07-23 15:51:34',
        0),
       (1683022030555291648, 3, '03', '01F', 0, '德州', '海宁', 23900, 0, '2023-07-23 15:51:34', '2023-07-23 15:51:34',
        0),
       (1683022030563680256, 3, '03', '02A', 0, '德州', '海宁', 23900, 0, '2023-07-23 15:51:34', '2023-07-23 15:51:34',
        0),
       (1683022030572068864, 3, '03', '02C', 0, '德州', '海宁', 23900, 0, '2023-07-23 15:51:34', '2023-07-23 15:51:34',
        0),
       (1683022030580457472, 3, '03', '02D', 0, '德州', '海宁', 23900, 0, '2023-07-23 15:51:34', '2023-07-23 15:51:34',
        0),
       (1683022030588846080, 3, '03', '02F', 0, '德州', '海宁', 23900, 0, '2023-07-23 15:51:34', '2023-07-23 15:51:34',
        0),
       (1683022030597234688, 3, '03', '03A', 0, '德州', '海宁', 23900, 0, '2023-07-23 15:51:34', '2023-07-23 15:51:34',
        0),
       (1683022030605623296, 3, '03', '03C', 0, '德州', '海宁', 23900, 0, '2023-07-23 15:51:34', '2023-07-23 15:51:34',
        0),
       (1683022030618206208, 3, '03', '03D', 0, '德州', '海宁', 23900, 0, '2023-07-23 15:51:34', '2023-07-23 15:51:34',
        0),
       (1683022030626594816, 3, '03', '03F', 0, '德州', '海宁', 23900, 0, '2023-07-23 15:51:34', '2023-07-23 15:51:34',
        0),
       (1683022030630789120, 3, '03', '04A', 0, '德州', '海宁', 23900, 0, '2023-07-23 15:51:34', '2023-07-23 15:51:34',
        0),
       (1683022030643372032, 3, '03', '04C', 0, '德州', '海宁', 23900, 0, '2023-07-23 15:51:34', '2023-07-23 15:51:34',
        0),
       (1683022030651760640, 3, '03', '04D', 0, '德州', '海宁', 23900, 0, '2023-07-23 15:51:34', '2023-07-23 15:51:34',
        0),
       (1683022030660149248, 3, '03', '04F', 0, '德州', '海宁', 23900, 0, '2023-07-23 15:51:34', '2023-07-23 15:51:34',
        0),
       (1683022030668537856, 3, '03', '05A', 0, '德州', '海宁', 23900, 0, '2023-07-23 15:51:34', '2023-07-23 15:51:34',
        0),
       (1683022030676926464, 3, '03', '05C', 0, '德州', '海宁', 23900, 0, '2023-07-23 15:51:34', '2023-07-23 15:51:34',
        0),
       (1683022030685315072, 3, '03', '05D', 0, '德州', '海宁', 23900, 0, '2023-07-23 15:51:34', '2023-07-23 15:51:34',
        0),
       (1683022030693703680, 3, '03', '05F', 0, '德州', '海宁', 23900, 0, '2023-07-23 15:51:34', '2023-07-23 15:51:34',
        0),
       (1683022030706286592, 3, '03', '06A', 0, '德州', '海宁', 23900, 0, '2023-07-23 15:51:34', '2023-07-23 15:51:34',
        0),
       (1683022030714675200, 3, '03', '06C', 0, '德州', '海宁', 23900, 0, '2023-07-23 15:51:34', '2023-07-23 15:51:34',
        0),
       (1683022030723063808, 3, '03', '06D', 0, '德州', '海宁', 23900, 0, '2023-07-23 15:51:34', '2023-07-23 15:51:34',
        0),
       (1683022030731452416, 3, '03', '06F', 0, '德州', '海宁', 23900, 0, '2023-07-23 15:51:34', '2023-07-23 15:51:34',
        0),
       (1683022030739841024, 3, '04', '01A', 0, '德州', '海宁', 23900, 0, '2023-07-23 15:51:34', '2023-07-23 15:51:34',
        0),
       (1683022030748229632, 3, '04', '01D', 0, '德州', '海宁', 23900, 0, '2023-07-23 15:51:34', '2023-07-23 15:51:34',
        0),
       (1683022030756618240, 3, '04', '01F', 0, '德州', '海宁', 23900, 0, '2023-07-23 15:51:34', '2023-07-23 15:51:34',
        0),
       (1683022030765006848, 3, '04', '02A', 0, '德州', '海宁', 23900, 0, '2023-07-23 15:51:34', '2023-07-23 15:51:34',
        0),
       (1683022030773395456, 3, '04', '02C', 0, '德州', '海宁', 23900, 0, '2023-07-23 15:51:34', '2023-07-23 15:51:34',
        0),
       (1683022030781784064, 3, '04', '02D', 0, '德州', '海宁', 23900, 0, '2023-07-23 15:51:34', '2023-07-23 15:51:34',
        0),
       (1683022030790172672, 3, '04', '02F', 0, '德州', '海宁', 23900, 0, '2023-07-23 15:51:34', '2023-07-23 15:51:34',
        0),
       (1683022030798561280, 3, '04', '03A', 0, '德州', '海宁', 23900, 0, '2023-07-23 15:51:34', '2023-07-23 15:51:34',
        0),
       (1683022030806949888, 3, '04', '03C', 0, '德州', '海宁', 23900, 0, '2023-07-23 15:51:34', '2023-07-23 15:51:34',
        0),
       (1683022030815338496, 3, '04', '03D', 0, '德州', '海宁', 23900, 0, '2023-07-23 15:51:34', '2023-07-23 15:51:34',
        0),
       (1683022030823727104, 3, '04', '03F', 0, '德州', '海宁', 23900, 0, '2023-07-23 15:51:34', '2023-07-23 15:51:34',
        0),
       (1683022030832115712, 3, '04', '04A', 0, '德州', '海宁', 23900, 0, '2023-07-23 15:51:34', '2023-07-23 15:51:34',
        0),
       (1683022030840504320, 3, '04', '04C', 0, '德州', '海宁', 23900, 0, '2023-07-23 15:51:34', '2023-07-23 15:51:34',
        0),
       (1683022030848892928, 3, '04', '04D', 0, '德州', '海宁', 23900, 0, '2023-07-23 15:51:34', '2023-07-23 15:51:34',
        0),
       (1683022030861475840, 3, '04', '04F', 0, '德州', '海宁', 23900, 0, '2023-07-23 15:51:34', '2023-07-23 15:51:34',
        0),
       (1683022030869864448, 3, '04', '05A', 0, '德州', '海宁', 23900, 0, '2023-07-23 15:51:34', '2023-07-23 15:51:34',
        0),
       (1683022030874058752, 3, '04', '05C', 0, '德州', '海宁', 23900, 0, '2023-07-23 15:51:34', '2023-07-23 15:51:34',
        0),
       (1683022030882447360, 3, '04', '05D', 0, '德州', '海宁', 23900, 0, '2023-07-23 15:51:34', '2023-07-23 15:51:34',
        0),
       (1683022030890835968, 3, '04', '05F', 0, '德州', '海宁', 23900, 0, '2023-07-23 15:51:34', '2023-07-23 15:51:34',
        0),
       (1683022030903418880, 3, '04', '06A', 0, '德州', '海宁', 23900, 0, '2023-07-23 15:51:34', '2023-07-23 15:51:34',
        0),
       (1683022030911807488, 3, '04', '06C', 0, '德州', '海宁', 23900, 0, '2023-07-23 15:51:34', '2023-07-23 15:51:34',
        0),
       (1683022030920196096, 3, '04', '06D', 0, '德州', '海宁', 23900, 0, '2023-07-23 15:51:34', '2023-07-23 15:51:34',
        0),
       (1683022030928584704, 3, '04', '06F', 0, '德州', '海宁', 23900, 0, '2023-07-23 15:51:34', '2023-07-23 15:51:34',
        0),
       (1683022030936973312, 3, '01', '01A', 0, '德州', '杭州', 25200, 0, '2023-07-23 15:51:34', '2023-07-23 15:51:34',
        0),
       (1683022030945361920, 3, '01', '01D', 0, '德州', '杭州', 25200, 0, '2023-07-23 15:51:34', '2023-07-23 15:51:34',
        0),
       (1683022030953750528, 3, '01', '01F', 0, '德州', '杭州', 25200, 0, '2023-07-23 15:51:34', '2023-07-23 15:51:34',
        0),
       (1683022030966333440, 3, '01', '02A', 0, '德州', '杭州', 25200, 0, '2023-07-23 15:51:34', '2023-07-23 15:51:34',
        0),
       (1683022030974722048, 3, '01', '02C', 0, '德州', '杭州', 25200, 0, '2023-07-23 15:51:34', '2023-07-23 15:51:34',
        0),
       (1683022030978916352, 3, '01', '02D', 0, '德州', '杭州', 25200, 0, '2023-07-23 15:51:34', '2023-07-23 15:51:34',
        0),
       (1683022030987304960, 3, '01', '02F', 0, '德州', '杭州', 25200, 0, '2023-07-23 15:51:34', '2023-07-23 15:51:34',
        0),
       (1683022030999887872, 3, '01', '03A', 0, '德州', '杭州', 25200, 0, '2023-07-23 15:51:34', '2023-07-23 15:51:34',
        0),
       (1683022031004082176, 3, '01', '03C', 0, '德州', '杭州', 25200, 0, '2023-07-23 15:51:34', '2023-07-23 15:51:34',
        0),
       (1683022031016665088, 3, '01', '03D', 0, '德州', '杭州', 25200, 0, '2023-07-23 15:51:34', '2023-07-23 15:51:34',
        0),
       (1683022031025053696, 3, '01', '03F', 0, '德州', '杭州', 25200, 0, '2023-07-23 15:51:34', '2023-07-23 15:51:34',
        0),
       (1683022031033442304, 3, '01', '04A', 0, '德州', '杭州', 25200, 0, '2023-07-23 15:51:34', '2023-07-23 15:51:34',
        0),
       (1683022031041830912, 3, '01', '04C', 0, '德州', '杭州', 25200, 0, '2023-07-23 15:51:34', '2023-07-23 15:51:34',
        0),
       (1683022031054413824, 3, '01', '04D', 0, '德州', '杭州', 25200, 0, '2023-07-23 15:51:34', '2023-07-23 15:51:34',
        0),
       (1683022031062802432, 3, '01', '04F', 0, '德州', '杭州', 25200, 0, '2023-07-23 15:51:34', '2023-07-23 15:51:34',
        0),
       (1683022031071191040, 3, '01', '05A', 0, '德州', '杭州', 25200, 0, '2023-07-23 15:51:34', '2023-07-23 15:51:34',
        0),
       (1683022031079579648, 3, '01', '05C', 0, '德州', '杭州', 25200, 0, '2023-07-23 15:51:34', '2023-07-23 15:51:34',
        0),
       (1683022031083773952, 3, '01', '05D', 0, '德州', '杭州', 25200, 0, '2023-07-23 15:51:34', '2023-07-23 15:51:34',
        0),
       (1683022031092162560, 3, '01', '05F', 0, '德州', '杭州', 25200, 0, '2023-07-23 15:51:34', '2023-07-23 15:51:34',
        0),
       (1683022031100551168, 3, '01', '06A', 0, '德州', '杭州', 25200, 0, '2023-07-23 15:51:34', '2023-07-23 15:51:34',
        0),
       (1683022031108939776, 3, '01', '06C', 0, '德州', '杭州', 25200, 0, '2023-07-23 15:51:34', '2023-07-23 15:51:34',
        0),
       (1683022031117328384, 3, '01', '06D', 0, '德州', '杭州', 25200, 0, '2023-07-23 15:51:34', '2023-07-23 15:51:34',
        0),
       (1683022031125716992, 3, '01', '06F', 0, '德州', '杭州', 25200, 0, '2023-07-23 15:51:34', '2023-07-23 15:51:34',
        0),
       (1683022031134105600, 3, '02', '01A', 0, '德州', '杭州', 25200, 0, '2023-07-23 15:51:34', '2023-07-23 15:51:34',
        0),
       (1683022031142494208, 3, '02', '01D', 0, '德州', '杭州', 25200, 0, '2023-07-23 15:51:34', '2023-07-23 15:51:34',
        0),
       (1683022031150882816, 3, '02', '01F', 0, '德州', '杭州', 25200, 0, '2023-07-23 15:51:34', '2023-07-23 15:51:34',
        0),
       (1683022031159271424, 3, '02', '02A', 0, '德州', '杭州', 25200, 0, '2023-07-23 15:51:34', '2023-07-23 15:51:34',
        0),
       (1683022031167660032, 3, '02', '02C', 0, '德州', '杭州', 25200, 0, '2023-07-23 15:51:34', '2023-07-23 15:51:34',
        0),
       (1683022031176048640, 3, '02', '02D', 0, '德州', '杭州', 25200, 0, '2023-07-23 15:51:34', '2023-07-23 15:51:34',
        0),
       (1683022031184437248, 3, '02', '02F', 0, '德州', '杭州', 25200, 0, '2023-07-23 15:51:34', '2023-07-23 15:51:34',
        0),
       (1683022031192825856, 3, '02', '03A', 0, '德州', '杭州', 25200, 0, '2023-07-23 15:51:34', '2023-07-23 15:51:34',
        0),
       (1683022031201214464, 3, '02', '03C', 0, '德州', '杭州', 25200, 0, '2023-07-23 15:51:34', '2023-07-23 15:51:34',
        0),
       (1683022031209603072, 3, '02', '03D', 0, '德州', '杭州', 25200, 0, '2023-07-23 15:51:34', '2023-07-23 15:51:34',
        0),
       (1683022031217991680, 3, '02', '03F', 0, '德州', '杭州', 25200, 0, '2023-07-23 15:51:34', '2023-07-23 15:51:34',
        0),
       (1683022031226380288, 3, '02', '04A', 0, '德州', '杭州', 25200, 0, '2023-07-23 15:51:34', '2023-07-23 15:51:34',
        0),
       (1683022031234768896, 3, '02', '04C', 0, '德州', '杭州', 25200, 0, '2023-07-23 15:51:34', '2023-07-23 15:51:34',
        0),
       (1683022031243157504, 3, '02', '04D', 0, '德州', '杭州', 25200, 0, '2023-07-23 15:51:34', '2023-07-23 15:51:34',
        0),
       (1683022031247351808, 3, '02', '04F', 0, '德州', '杭州', 25200, 0, '2023-07-23 15:51:34', '2023-07-23 15:51:34',
        0),
       (1683022031255740416, 3, '02', '05A', 0, '德州', '杭州', 25200, 0, '2023-07-23 15:51:34', '2023-07-23 15:51:34',
        0),
       (1683022031264129024, 3, '02', '05C', 0, '德州', '杭州', 25200, 0, '2023-07-23 15:51:34', '2023-07-23 15:51:34',
        0),
       (1683022031272517632, 3, '02', '05D', 0, '德州', '杭州', 25200, 0, '2023-07-23 15:51:34', '2023-07-23 15:51:34',
        0),
       (1683022031280906240, 3, '02', '05F', 0, '德州', '杭州', 25200, 0, '2023-07-23 15:51:34', '2023-07-23 15:51:34',
        0),
       (1683022031289294848, 3, '02', '06A', 0, '德州', '杭州', 25200, 0, '2023-07-23 15:51:34', '2023-07-23 15:51:34',
        0),
       (1683022031293489152, 3, '02', '06C', 0, '德州', '杭州', 25200, 0, '2023-07-23 15:51:34', '2023-07-23 15:51:34',
        0),
       (1683022031301877760, 3, '02', '06D', 0, '德州', '杭州', 25200, 0, '2023-07-23 15:51:34', '2023-07-23 15:51:34',
        0),
       (1683022031310266368, 3, '02', '06F', 0, '德州', '杭州', 25200, 0, '2023-07-23 15:51:34', '2023-07-23 15:51:34',
        0),
       (1683022031318654976, 3, '03', '01A', 0, '德州', '杭州', 25200, 0, '2023-07-23 15:51:34', '2023-07-23 15:51:34',
        0),
       (1683022031322849280, 3, '03', '01D', 0, '德州', '杭州', 25200, 0, '2023-07-23 15:51:34', '2023-07-23 15:51:34',
        0),
       (1683022031331237888, 3, '03', '01F', 0, '德州', '杭州', 25200, 0, '2023-07-23 15:51:34', '2023-07-23 15:51:34',
        0),
       (1683022031339626496, 3, '03', '02A', 0, '德州', '杭州', 25200, 0, '2023-07-23 15:51:34', '2023-07-23 15:51:34',
        0),
       (1683022031343820800, 3, '03', '02C', 0, '德州', '杭州', 25200, 0, '2023-07-23 15:51:34', '2023-07-23 15:51:34',
        0),
       (1683022031352209408, 3, '03', '02D', 0, '德州', '杭州', 25200, 0, '2023-07-23 15:51:34', '2023-07-23 15:51:34',
        0),
       (1683022031360598016, 3, '03', '02F', 0, '德州', '杭州', 25200, 0, '2023-07-23 15:51:34', '2023-07-23 15:51:34',
        0),
       (1683022031368986624, 3, '03', '03A', 0, '德州', '杭州', 25200, 0, '2023-07-23 15:51:34', '2023-07-23 15:51:34',
        0),
       (1683022031373180928, 3, '03', '03C', 0, '德州', '杭州', 25200, 0, '2023-07-23 15:51:34', '2023-07-23 15:51:34',
        0),
       (1683022031381569536, 3, '03', '03D', 0, '德州', '杭州', 25200, 0, '2023-07-23 15:51:34', '2023-07-23 15:51:34',
        0),
       (1683022031389958144, 3, '03', '03F', 0, '德州', '杭州', 25200, 0, '2023-07-23 15:51:34', '2023-07-23 15:51:34',
        0),
       (1683022031398346752, 3, '03', '04A', 0, '德州', '杭州', 25200, 0, '2023-07-23 15:51:34', '2023-07-23 15:51:34',
        0),
       (1683022031402541056, 3, '03', '04C', 0, '德州', '杭州', 25200, 0, '2023-07-23 15:51:34', '2023-07-23 15:51:34',
        0),
       (1683022031410929664, 3, '03', '04D', 0, '德州', '杭州', 25200, 0, '2023-07-23 15:51:34', '2023-07-23 15:51:34',
        0),
       (1683022031419318272, 3, '03', '04F', 0, '德州', '杭州', 25200, 0, '2023-07-23 15:51:34', '2023-07-23 15:51:34',
        0),
       (1683022031423512576, 3, '03', '05A', 0, '德州', '杭州', 25200, 0, '2023-07-23 15:51:34', '2023-07-23 15:51:34',
        0),
       (1683022031431901184, 3, '03', '05C', 0, '德州', '杭州', 25200, 0, '2023-07-23 15:51:34', '2023-07-23 15:51:34',
        0),
       (1683022031436095488, 3, '03', '05D', 0, '德州', '杭州', 25200, 0, '2023-07-23 15:51:34', '2023-07-23 15:51:34',
        0),
       (1683022031444484096, 3, '03', '05F', 0, '德州', '杭州', 25200, 0, '2023-07-23 15:51:34', '2023-07-23 15:51:34',
        0),
       (1683022031452872704, 3, '03', '06A', 0, '德州', '杭州', 25200, 0, '2023-07-23 15:51:34', '2023-07-23 15:51:34',
        0),
       (1683022031457067008, 3, '03', '06C', 0, '德州', '杭州', 25200, 0, '2023-07-23 15:51:34', '2023-07-23 15:51:34',
        0),
       (1683022031465455616, 3, '03', '06D', 0, '德州', '杭州', 25200, 0, '2023-07-23 15:51:34', '2023-07-23 15:51:34',
        0),
       (1683022031473844224, 3, '03', '06F', 0, '德州', '杭州', 25200, 0, '2023-07-23 15:51:34', '2023-07-23 15:51:34',
        0),
       (1683022031482232832, 3, '04', '01A', 0, '德州', '杭州', 25200, 0, '2023-07-23 15:51:34', '2023-07-23 15:51:34',
        0),
       (1683022031490621440, 3, '04', '01D', 0, '德州', '杭州', 25200, 0, '2023-07-23 15:51:34', '2023-07-23 15:51:34',
        0),
       (1683022031499010048, 3, '04', '01F', 0, '德州', '杭州', 25200, 0, '2023-07-23 15:51:34', '2023-07-23 15:51:34',
        0),
       (1683022031507398656, 3, '04', '02A', 0, '德州', '杭州', 25200, 0, '2023-07-23 15:51:34', '2023-07-23 15:51:34',
        0),
       (1683022031515787264, 3, '04', '02C', 0, '德州', '杭州', 25200, 0, '2023-07-23 15:51:34', '2023-07-23 15:51:34',
        0),
       (1683022031528370176, 3, '04', '02D', 0, '德州', '杭州', 25200, 0, '2023-07-23 15:51:34', '2023-07-23 15:51:34',
        0),
       (1683022031532564480, 3, '04', '02F', 0, '德州', '杭州', 25200, 0, '2023-07-23 15:51:34', '2023-07-23 15:51:34',
        0),
       (1683022031545147392, 3, '04', '03A', 0, '德州', '杭州', 25200, 0, '2023-07-23 15:51:34', '2023-07-23 15:51:34',
        0),
       (1683022031549341696, 3, '04', '03C', 0, '德州', '杭州', 25200, 0, '2023-07-23 15:51:34', '2023-07-23 15:51:34',
        0),
       (1683022031557730304, 3, '04', '03D', 0, '德州', '杭州', 25200, 0, '2023-07-23 15:51:34', '2023-07-23 15:51:34',
        0),
       (1683022031566118912, 3, '04', '03F', 0, '德州', '杭州', 25200, 0, '2023-07-23 15:51:34', '2023-07-23 15:51:34',
        0),
       (1683022031578701824, 3, '04', '04A', 0, '德州', '杭州', 25200, 0, '2023-07-23 15:51:34', '2023-07-23 15:51:34',
        0),
       (1683022031587090432, 3, '04', '04C', 0, '德州', '杭州', 25200, 0, '2023-07-23 15:51:34', '2023-07-23 15:51:34',
        0),
       (1683022031595479040, 3, '04', '04D', 0, '德州', '杭州', 25200, 0, '2023-07-23 15:51:34', '2023-07-23 15:51:34',
        0),
       (1683022031603867648, 3, '04', '04F', 0, '德州', '杭州', 25200, 0, '2023-07-23 15:51:34', '2023-07-23 15:51:34',
        0),
       (1683022031612256256, 3, '04', '05A', 0, '德州', '杭州', 25200, 0, '2023-07-23 15:51:34', '2023-07-23 15:51:34',
        0),
       (1683022031620644864, 3, '04', '05C', 0, '德州', '杭州', 25200, 0, '2023-07-23 15:51:34', '2023-07-23 15:51:34',
        0),
       (1683022031629033472, 3, '04', '05D', 0, '德州', '杭州', 25200, 0, '2023-07-23 15:51:34', '2023-07-23 15:51:34',
        0),
       (1683022031637422080, 3, '04', '05F', 0, '德州', '杭州', 25200, 0, '2023-07-23 15:51:34', '2023-07-23 15:51:34',
        0),
       (1683022031645810688, 3, '04', '06A', 0, '德州', '杭州', 25200, 0, '2023-07-23 15:51:34', '2023-07-23 15:51:34',
        0),
       (1683022031654199296, 3, '04', '06C', 0, '德州', '杭州', 25200, 0, '2023-07-23 15:51:34', '2023-07-23 15:51:34',
        0),
       (1683022031666782208, 3, '04', '06D', 0, '德州', '杭州', 25200, 0, '2023-07-23 15:51:34', '2023-07-23 15:51:34',
        0),
       (1683022031670976512, 3, '04', '06F', 0, '德州', '杭州', 25200, 0, '2023-07-23 15:51:34', '2023-07-23 15:51:34',
        0),
       (1683022031679365120, 3, '01', '01A', 0, '南京', '嘉兴', 7600, 0, '2023-07-23 15:51:34', '2023-07-23 15:51:34',
        0),
       (1683022031687753728, 3, '01', '01D', 0, '南京', '嘉兴', 7600, 0, '2023-07-23 15:51:34', '2023-07-23 15:51:34',
        0),
       (1683022031696142336, 3, '01', '01F', 0, '南京', '嘉兴', 7600, 0, '2023-07-23 15:51:34', '2023-07-23 15:51:34',
        0),
       (1683022031704530944, 3, '01', '02A', 0, '南京', '嘉兴', 7600, 0, '2023-07-23 15:51:34', '2023-07-23 15:51:34',
        0),
       (1683022031712919552, 3, '01', '02C', 0, '南京', '嘉兴', 7600, 0, '2023-07-23 15:51:34', '2023-07-23 15:51:34',
        0),
       (1683022031725502464, 3, '01', '02D', 0, '南京', '嘉兴', 7600, 0, '2023-07-23 15:51:34', '2023-07-23 15:51:34',
        0),
       (1683022031733891072, 3, '01', '02F', 0, '南京', '嘉兴', 7600, 0, '2023-07-23 15:51:34', '2023-07-23 15:51:34',
        0),
       (1683022031742279680, 3, '01', '03A', 0, '南京', '嘉兴', 7600, 0, '2023-07-23 15:51:34', '2023-07-23 15:51:34',
        0),
       (1683022031750668288, 3, '01', '03C', 0, '南京', '嘉兴', 7600, 0, '2023-07-23 15:51:34', '2023-07-23 15:51:34',
        0),
       (1683022031759056896, 3, '01', '03D', 0, '南京', '嘉兴', 7600, 0, '2023-07-23 15:51:34', '2023-07-23 15:51:34',
        0),
       (1683022031767445504, 3, '01', '03F', 0, '南京', '嘉兴', 7600, 0, '2023-07-23 15:51:34', '2023-07-23 15:51:34',
        0),
       (1683022031775834112, 3, '01', '04A', 0, '南京', '嘉兴', 7600, 0, '2023-07-23 15:51:34', '2023-07-23 15:51:34',
        0),
       (1683022031796805632, 3, '01', '04C', 0, '南京', '嘉兴', 7600, 0, '2023-07-23 15:51:34', '2023-07-23 15:51:34',
        0),
       (1683022031805194240, 3, '01', '04D', 0, '南京', '嘉兴', 7600, 0, '2023-07-23 15:51:34', '2023-07-23 15:51:34',
        0),
       (1683022031813582848, 3, '01', '04F', 0, '南京', '嘉兴', 7600, 0, '2023-07-23 15:51:34', '2023-07-23 15:51:34',
        0),
       (1683022031821971456, 3, '01', '05A', 0, '南京', '嘉兴', 7600, 0, '2023-07-23 15:51:34', '2023-07-23 15:51:34',
        0),
       (1683022031834554368, 3, '01', '05C', 0, '南京', '嘉兴', 7600, 0, '2023-07-23 15:51:34', '2023-07-23 15:51:34',
        0),
       (1683022031842942976, 3, '01', '05D', 0, '南京', '嘉兴', 7600, 0, '2023-07-23 15:51:34', '2023-07-23 15:51:34',
        0),
       (1683022031851331584, 3, '01', '05F', 0, '南京', '嘉兴', 7600, 0, '2023-07-23 15:51:34', '2023-07-23 15:51:34',
        0),
       (1683022031859720192, 3, '01', '06A', 0, '南京', '嘉兴', 7600, 0, '2023-07-23 15:51:34', '2023-07-23 15:51:34',
        0),
       (1683022031868108800, 3, '01', '06C', 0, '南京', '嘉兴', 7600, 0, '2023-07-23 15:51:34', '2023-07-23 15:51:34',
        0),
       (1683022031876497408, 3, '01', '06D', 0, '南京', '嘉兴', 7600, 0, '2023-07-23 15:51:34', '2023-07-23 15:51:34',
        0),
       (1683022031884886016, 3, '01', '06F', 0, '南京', '嘉兴', 7600, 0, '2023-07-23 15:51:34', '2023-07-23 15:51:34',
        0),
       (1683022031893274624, 3, '02', '01A', 0, '南京', '嘉兴', 7600, 0, '2023-07-23 15:51:34', '2023-07-23 15:51:34',
        0),
       (1683022031901663232, 3, '02', '01D', 0, '南京', '嘉兴', 7600, 0, '2023-07-23 15:51:34', '2023-07-23 15:51:34',
        0),
       (1683022031910051840, 3, '02', '01F', 0, '南京', '嘉兴', 7600, 0, '2023-07-23 15:51:34', '2023-07-23 15:51:34',
        0),
       (1683022031918440448, 3, '02', '02A', 0, '南京', '嘉兴', 7600, 0, '2023-07-23 15:51:34', '2023-07-23 15:51:34',
        0),
       (1683022031926829056, 3, '02', '02C', 0, '南京', '嘉兴', 7600, 0, '2023-07-23 15:51:34', '2023-07-23 15:51:34',
        0),
       (1683022031935217664, 3, '02', '02D', 0, '南京', '嘉兴', 7600, 0, '2023-07-23 15:51:34', '2023-07-23 15:51:34',
        0),
       (1683022031947800576, 3, '02', '02F', 0, '南京', '嘉兴', 7600, 0, '2023-07-23 15:51:34', '2023-07-23 15:51:34',
        0),
       (1683022031956189184, 3, '02', '03A', 0, '南京', '嘉兴', 7600, 0, '2023-07-23 15:51:34', '2023-07-23 15:51:34',
        0),
       (1683022031964577792, 3, '02', '03C', 0, '南京', '嘉兴', 7600, 0, '2023-07-23 15:51:34', '2023-07-23 15:51:34',
        0),
       (1683022031977160704, 3, '02', '03D', 0, '南京', '嘉兴', 7600, 0, '2023-07-23 15:51:34', '2023-07-23 15:51:34',
        0),
       (1683022031985549312, 3, '02', '03F', 0, '南京', '嘉兴', 7600, 0, '2023-07-23 15:51:34', '2023-07-23 15:51:34',
        0),
       (1683022031993937920, 3, '02', '04A', 0, '南京', '嘉兴', 7600, 0, '2023-07-23 15:51:34', '2023-07-23 15:51:34',
        0),
       (1683022032002326528, 3, '02', '04C', 0, '南京', '嘉兴', 7600, 0, '2023-07-23 15:51:34', '2023-07-23 15:51:34',
        0),
       (1683022032010715136, 3, '02', '04D', 0, '南京', '嘉兴', 7600, 0, '2023-07-23 15:51:34', '2023-07-23 15:51:34',
        0),
       (1683022032019103744, 3, '02', '04F', 0, '南京', '嘉兴', 7600, 0, '2023-07-23 15:51:34', '2023-07-23 15:51:34',
        0),
       (1683022032027492352, 3, '02', '05A', 0, '南京', '嘉兴', 7600, 0, '2023-07-23 15:51:34', '2023-07-23 15:51:34',
        0),
       (1683022032035880960, 3, '02', '05C', 0, '南京', '嘉兴', 7600, 0, '2023-07-23 15:51:34', '2023-07-23 15:51:34',
        0),
       (1683022032044269568, 3, '02', '05D', 0, '南京', '嘉兴', 7600, 0, '2023-07-23 15:51:34', '2023-07-23 15:51:34',
        0),
       (1683022032052658176, 3, '02', '05F', 0, '南京', '嘉兴', 7600, 0, '2023-07-23 15:51:34', '2023-07-23 15:51:34',
        0),
       (1683022032061046784, 3, '02', '06A', 0, '南京', '嘉兴', 7600, 0, '2023-07-23 15:51:34', '2023-07-23 15:51:34',
        0),
       (1683022032069435392, 3, '02', '06C', 0, '南京', '嘉兴', 7600, 0, '2023-07-23 15:51:34', '2023-07-23 15:51:34',
        0),
       (1683022032077824000, 3, '02', '06D', 0, '南京', '嘉兴', 7600, 0, '2023-07-23 15:51:34', '2023-07-23 15:51:34',
        0),
       (1683022032086212608, 3, '02', '06F', 0, '南京', '嘉兴', 7600, 0, '2023-07-23 15:51:34', '2023-07-23 15:51:34',
        0),
       (1683022032094601216, 3, '03', '01A', 0, '南京', '嘉兴', 7600, 0, '2023-07-23 15:51:34', '2023-07-23 15:51:34',
        0),
       (1683022032102989824, 3, '03', '01D', 0, '南京', '嘉兴', 7600, 0, '2023-07-23 15:51:34', '2023-07-23 15:51:34',
        0),
       (1683022032111378432, 3, '03', '01F', 0, '南京', '嘉兴', 7600, 0, '2023-07-23 15:51:34', '2023-07-23 15:51:34',
        0),
       (1683022032123961344, 3, '03', '02A', 0, '南京', '嘉兴', 7600, 0, '2023-07-23 15:51:34', '2023-07-23 15:51:34',
        0),
       (1683022032136544256, 3, '03', '02C', 0, '南京', '嘉兴', 7600, 0, '2023-07-23 15:51:34', '2023-07-23 15:51:34',
        0),
       (1683022032144932864, 3, '03', '02D', 0, '南京', '嘉兴', 7600, 0, '2023-07-23 15:51:34', '2023-07-23 15:51:34',
        0),
       (1683022032153321472, 3, '03', '02F', 0, '南京', '嘉兴', 7600, 0, '2023-07-23 15:51:34', '2023-07-23 15:51:34',
        0),
       (1683022032161710080, 3, '03', '03A', 0, '南京', '嘉兴', 7600, 0, '2023-07-23 15:51:34', '2023-07-23 15:51:34',
        0),
       (1683022032170098688, 3, '03', '03C', 0, '南京', '嘉兴', 7600, 0, '2023-07-23 15:51:34', '2023-07-23 15:51:34',
        0),
       (1683022032178487296, 3, '03', '03D', 0, '南京', '嘉兴', 7600, 0, '2023-07-23 15:51:34', '2023-07-23 15:51:34',
        0),
       (1683022032191070208, 3, '03', '03F', 0, '南京', '嘉兴', 7600, 0, '2023-07-23 15:51:34', '2023-07-23 15:51:34',
        0),
       (1683022032195264512, 3, '03', '04A', 0, '南京', '嘉兴', 7600, 0, '2023-07-23 15:51:34', '2023-07-23 15:51:34',
        0),
       (1683022032203653120, 3, '03', '04C', 0, '南京', '嘉兴', 7600, 0, '2023-07-23 15:51:34', '2023-07-23 15:51:34',
        0),
       (1683022032212041728, 3, '03', '04D', 0, '南京', '嘉兴', 7600, 0, '2023-07-23 15:51:34', '2023-07-23 15:51:34',
        0),
       (1683022032220430336, 3, '03', '04F', 0, '南京', '嘉兴', 7600, 0, '2023-07-23 15:51:34', '2023-07-23 15:51:34',
        0),
       (1683022032228818944, 3, '03', '05A', 0, '南京', '嘉兴', 7600, 0, '2023-07-23 15:51:34', '2023-07-23 15:51:34',
        0),
       (1683022032237207552, 3, '03', '05C', 0, '南京', '嘉兴', 7600, 0, '2023-07-23 15:51:34', '2023-07-23 15:51:34',
        0),
       (1683022032245596160, 3, '03', '05D', 0, '南京', '嘉兴', 7600, 0, '2023-07-23 15:51:34', '2023-07-23 15:51:34',
        0),
       (1683022032253984768, 3, '03', '05F', 0, '南京', '嘉兴', 7600, 0, '2023-07-23 15:51:34', '2023-07-23 15:51:34',
        0),
       (1683022032262373376, 3, '03', '06A', 0, '南京', '嘉兴', 7600, 0, '2023-07-23 15:51:34', '2023-07-23 15:51:34',
        0),
       (1683022032270761984, 3, '03', '06C', 0, '南京', '嘉兴', 7600, 0, '2023-07-23 15:51:34', '2023-07-23 15:51:34',
        0),
       (1683022032283344896, 3, '03', '06D', 0, '南京', '嘉兴', 7600, 0, '2023-07-23 15:51:34', '2023-07-23 15:51:34',
        0),
       (1683022032291733504, 3, '03', '06F', 0, '南京', '嘉兴', 7600, 0, '2023-07-23 15:51:34', '2023-07-23 15:51:34',
        0),
       (1683022032300122112, 3, '04', '01A', 0, '南京', '嘉兴', 7600, 0, '2023-07-23 15:51:34', '2023-07-23 15:51:34',
        0),
       (1683022032308510720, 3, '04', '01D', 0, '南京', '嘉兴', 7600, 0, '2023-07-23 15:51:34', '2023-07-23 15:51:34',
        0),
       (1683022032316899328, 3, '04', '01F', 0, '南京', '嘉兴', 7600, 0, '2023-07-23 15:51:34', '2023-07-23 15:51:34',
        0),
       (1683022032325287936, 3, '04', '02A', 0, '南京', '嘉兴', 7600, 0, '2023-07-23 15:51:34', '2023-07-23 15:51:34',
        0),
       (1683022032333676544, 3, '04', '02C', 0, '南京', '嘉兴', 7600, 0, '2023-07-23 15:51:34', '2023-07-23 15:51:34',
        0),
       (1683022032342065152, 3, '04', '02D', 0, '南京', '嘉兴', 7600, 0, '2023-07-23 15:51:34', '2023-07-23 15:51:34',
        0),
       (1683022032350453760, 3, '04', '02F', 0, '南京', '嘉兴', 7600, 0, '2023-07-23 15:51:34', '2023-07-23 15:51:34',
        0),
       (1683022032358842368, 3, '04', '03A', 0, '南京', '嘉兴', 7600, 0, '2023-07-23 15:51:34', '2023-07-23 15:51:34',
        0),
       (1683022032367230976, 3, '04', '03C', 0, '南京', '嘉兴', 7600, 0, '2023-07-23 15:51:34', '2023-07-23 15:51:34',
        0),
       (1683022032371425280, 3, '04', '03D', 0, '南京', '嘉兴', 7600, 0, '2023-07-23 15:51:34', '2023-07-23 15:51:34',
        0),
       (1683022032384008192, 3, '04', '03F', 0, '南京', '嘉兴', 7600, 0, '2023-07-23 15:51:34', '2023-07-23 15:51:34',
        0),
       (1683022032392396800, 3, '04', '04A', 0, '南京', '嘉兴', 7600, 0, '2023-07-23 15:51:34', '2023-07-23 15:51:34',
        0),
       (1683022032400785408, 3, '04', '04C', 0, '南京', '嘉兴', 7600, 0, '2023-07-23 15:51:34', '2023-07-23 15:51:34',
        0),
       (1683022032409174016, 3, '04', '04D', 0, '南京', '嘉兴', 7600, 0, '2023-07-23 15:51:34', '2023-07-23 15:51:34',
        0),
       (1683022032417562624, 3, '04', '04F', 0, '南京', '嘉兴', 7600, 0, '2023-07-23 15:51:34', '2023-07-23 15:51:34',
        0),
       (1683022032425951232, 3, '04', '05A', 0, '南京', '嘉兴', 7600, 0, '2023-07-23 15:51:34', '2023-07-23 15:51:34',
        0),
       (1683022032434339840, 3, '04', '05C', 0, '南京', '嘉兴', 7600, 0, '2023-07-23 15:51:34', '2023-07-23 15:51:34',
        0),
       (1683022032442728448, 3, '04', '05D', 0, '南京', '嘉兴', 7600, 0, '2023-07-23 15:51:34', '2023-07-23 15:51:34',
        0),
       (1683022032451117056, 3, '04', '05F', 0, '南京', '嘉兴', 7600, 0, '2023-07-23 15:51:34', '2023-07-23 15:51:34',
        0),
       (1683022032459505664, 3, '04', '06A', 0, '南京', '嘉兴', 7600, 0, '2023-07-23 15:51:34', '2023-07-23 15:51:34',
        0),
       (1683022032467894272, 3, '04', '06C', 0, '南京', '嘉兴', 7600, 0, '2023-07-23 15:51:34', '2023-07-23 15:51:34',
        0),
       (1683022032476282880, 3, '04', '06D', 0, '南京', '嘉兴', 7600, 0, '2023-07-23 15:51:34', '2023-07-23 15:51:34',
        0),
       (1683022032484671488, 3, '04', '06F', 0, '南京', '嘉兴', 7600, 0, '2023-07-23 15:51:34', '2023-07-23 15:51:34',
        0),
       (1683022032493060096, 3, '01', '01A', 0, '南京', '海宁', 8100, 0, '2023-07-23 15:51:34', '2023-07-23 15:51:34',
        0),
       (1683022032501448704, 3, '01', '01D', 0, '南京', '海宁', 8100, 0, '2023-07-23 15:51:34', '2023-07-23 15:51:34',
        0),
       (1683022032509837312, 3, '01', '01F', 0, '南京', '海宁', 8100, 0, '2023-07-23 15:51:34', '2023-07-23 15:51:34',
        0),
       (1683022032518225920, 3, '01', '02A', 0, '南京', '海宁', 8100, 0, '2023-07-23 15:51:34', '2023-07-23 15:51:34',
        0),
       (1683022032526614528, 3, '01', '02C', 0, '南京', '海宁', 8100, 0, '2023-07-23 15:51:34', '2023-07-23 15:51:34',
        0),
       (1683022032535003136, 3, '01', '02D', 0, '南京', '海宁', 8100, 0, '2023-07-23 15:51:34', '2023-07-23 15:51:34',
        0),
       (1683022032543391744, 3, '01', '02F', 0, '南京', '海宁', 8100, 0, '2023-07-23 15:51:34', '2023-07-23 15:51:34',
        0),
       (1683022032551780352, 3, '01', '03A', 0, '南京', '海宁', 8100, 0, '2023-07-23 15:51:34', '2023-07-23 15:51:34',
        0),
       (1683022032560168960, 3, '01', '03C', 0, '南京', '海宁', 8100, 0, '2023-07-23 15:51:34', '2023-07-23 15:51:34',
        0),
       (1683022032568557568, 3, '01', '03D', 0, '南京', '海宁', 8100, 0, '2023-07-23 15:51:34', '2023-07-23 15:51:34',
        0),
       (1683022032576946176, 3, '01', '03F', 0, '南京', '海宁', 8100, 0, '2023-07-23 15:51:34', '2023-07-23 15:51:34',
        0),
       (1683022032585334784, 3, '01', '04A', 0, '南京', '海宁', 8100, 0, '2023-07-23 15:51:34', '2023-07-23 15:51:34',
        0),
       (1683022032593723392, 3, '01', '04C', 0, '南京', '海宁', 8100, 0, '2023-07-23 15:51:34', '2023-07-23 15:51:34',
        0),
       (1683022032602112000, 3, '01', '04D', 0, '南京', '海宁', 8100, 0, '2023-07-23 15:51:34', '2023-07-23 15:51:34',
        0),
       (1683022032610500608, 3, '01', '04F', 0, '南京', '海宁', 8100, 0, '2023-07-23 15:51:34', '2023-07-23 15:51:34',
        0),
       (1683022032618889216, 3, '01', '05A', 0, '南京', '海宁', 8100, 0, '2023-07-23 15:51:34', '2023-07-23 15:51:34',
        0),
       (1683022032627277824, 3, '01', '05C', 0, '南京', '海宁', 8100, 0, '2023-07-23 15:51:34', '2023-07-23 15:51:34',
        0),
       (1683022032635666432, 3, '01', '05D', 0, '南京', '海宁', 8100, 0, '2023-07-23 15:51:34', '2023-07-23 15:51:34',
        0),
       (1683022032644055040, 3, '01', '05F', 0, '南京', '海宁', 8100, 0, '2023-07-23 15:51:34', '2023-07-23 15:51:34',
        0),
       (1683022032652443648, 3, '01', '06A', 0, '南京', '海宁', 8100, 0, '2023-07-23 15:51:34', '2023-07-23 15:51:34',
        0),
       (1683022032660832256, 3, '01', '06C', 0, '南京', '海宁', 8100, 0, '2023-07-23 15:51:34', '2023-07-23 15:51:34',
        0),
       (1683022032669220864, 3, '01', '06D', 0, '南京', '海宁', 8100, 0, '2023-07-23 15:51:34', '2023-07-23 15:51:34',
        0),
       (1683022032677609472, 3, '01', '06F', 0, '南京', '海宁', 8100, 0, '2023-07-23 15:51:34', '2023-07-23 15:51:34',
        0),
       (1683022032685998080, 3, '02', '01A', 0, '南京', '海宁', 8100, 0, '2023-07-23 15:51:34', '2023-07-23 15:51:34',
        0),
       (1683022032694386688, 3, '02', '01D', 0, '南京', '海宁', 8100, 0, '2023-07-23 15:51:34', '2023-07-23 15:51:34',
        0),
       (1683022032702775296, 3, '02', '01F', 0, '南京', '海宁', 8100, 0, '2023-07-23 15:51:34', '2023-07-23 15:51:34',
        0),
       (1683022032711163904, 3, '02', '02A', 0, '南京', '海宁', 8100, 0, '2023-07-23 15:51:34', '2023-07-23 15:51:34',
        0),
       (1683022032719552512, 3, '02', '02C', 0, '南京', '海宁', 8100, 0, '2023-07-23 15:51:34', '2023-07-23 15:51:34',
        0),
       (1683022032727941120, 3, '02', '02D', 0, '南京', '海宁', 8100, 0, '2023-07-23 15:51:34', '2023-07-23 15:51:34',
        0),
       (1683022032736329728, 3, '02', '02F', 0, '南京', '海宁', 8100, 0, '2023-07-23 15:51:34', '2023-07-23 15:51:34',
        0),
       (1683022032744718336, 3, '02', '03A', 0, '南京', '海宁', 8100, 0, '2023-07-23 15:51:34', '2023-07-23 15:51:34',
        0),
       (1683022032748912640, 3, '02', '03C', 0, '南京', '海宁', 8100, 0, '2023-07-23 15:51:34', '2023-07-23 15:51:34',
        0),
       (1683022032757301248, 3, '02', '03D', 0, '南京', '海宁', 8100, 0, '2023-07-23 15:51:34', '2023-07-23 15:51:34',
        0),
       (1683022032765689856, 3, '02', '03F', 0, '南京', '海宁', 8100, 0, '2023-07-23 15:51:34', '2023-07-23 15:51:34',
        0),
       (1683022032774078464, 3, '02', '04A', 0, '南京', '海宁', 8100, 0, '2023-07-23 15:51:34', '2023-07-23 15:51:34',
        0),
       (1683022032782467072, 3, '02', '04C', 0, '南京', '海宁', 8100, 0, '2023-07-23 15:51:34', '2023-07-23 15:51:34',
        0),
       (1683022032790855680, 3, '02', '04D', 0, '南京', '海宁', 8100, 0, '2023-07-23 15:51:34', '2023-07-23 15:51:34',
        0),
       (1683022032795049984, 3, '02', '04F', 0, '南京', '海宁', 8100, 0, '2023-07-23 15:51:34', '2023-07-23 15:51:34',
        0),
       (1683022032803438592, 3, '02', '05A', 0, '南京', '海宁', 8100, 0, '2023-07-23 15:51:34', '2023-07-23 15:51:34',
        0),
       (1683022032816021504, 3, '02', '05C', 0, '南京', '海宁', 8100, 0, '2023-07-23 15:51:34', '2023-07-23 15:51:34',
        0),
       (1683022032820215808, 3, '02', '05D', 0, '南京', '海宁', 8100, 0, '2023-07-23 15:51:34', '2023-07-23 15:51:34',
        0),
       (1683022032828604416, 3, '02', '05F', 0, '南京', '海宁', 8100, 0, '2023-07-23 15:51:34', '2023-07-23 15:51:34',
        0),
       (1683022032836993024, 3, '02', '06A', 0, '南京', '海宁', 8100, 0, '2023-07-23 15:51:34', '2023-07-23 15:51:34',
        0),
       (1683022032845381632, 3, '02', '06C', 0, '南京', '海宁', 8100, 0, '2023-07-23 15:51:34', '2023-07-23 15:51:34',
        0),
       (1683022032853770240, 3, '02', '06D', 0, '南京', '海宁', 8100, 0, '2023-07-23 15:51:34', '2023-07-23 15:51:34',
        0),
       (1683022032857964544, 3, '02', '06F', 0, '南京', '海宁', 8100, 0, '2023-07-23 15:51:34', '2023-07-23 15:51:34',
        0),
       (1683022032866353152, 3, '03', '01A', 0, '南京', '海宁', 8100, 0, '2023-07-23 15:51:34', '2023-07-23 15:51:34',
        0),
       (1683022032874741760, 3, '03', '01D', 0, '南京', '海宁', 8100, 0, '2023-07-23 15:51:34', '2023-07-23 15:51:34',
        0),
       (1683022032883130368, 3, '03', '01F', 0, '南京', '海宁', 8100, 0, '2023-07-23 15:51:34', '2023-07-23 15:51:34',
        0),
       (1683022032891518976, 3, '03', '02A', 0, '南京', '海宁', 8100, 0, '2023-07-23 15:51:34', '2023-07-23 15:51:34',
        0),
       (1683022032899907584, 3, '03', '02C', 0, '南京', '海宁', 8100, 0, '2023-07-23 15:51:34', '2023-07-23 15:51:34',
        0),
       (1683022032908296192, 3, '03', '02D', 0, '南京', '海宁', 8100, 0, '2023-07-23 15:51:34', '2023-07-23 15:51:34',
        0),
       (1683022032916684800, 3, '03', '02F', 0, '南京', '海宁', 8100, 0, '2023-07-23 15:51:34', '2023-07-23 15:51:34',
        0),
       (1683022032920879104, 3, '03', '03A', 0, '南京', '海宁', 8100, 0, '2023-07-23 15:51:34', '2023-07-23 15:51:34',
        0),
       (1683022032929267712, 3, '03', '03C', 0, '南京', '海宁', 8100, 0, '2023-07-23 15:51:34', '2023-07-23 15:51:34',
        0),
       (1683022032937656320, 3, '03', '03D', 0, '南京', '海宁', 8100, 0, '2023-07-23 15:51:34', '2023-07-23 15:51:34',
        0),
       (1683022032941850624, 3, '03', '03F', 0, '南京', '海宁', 8100, 0, '2023-07-23 15:51:34', '2023-07-23 15:51:34',
        0),
       (1683022032950239232, 3, '03', '04A', 0, '南京', '海宁', 8100, 0, '2023-07-23 15:51:34', '2023-07-23 15:51:34',
        0),
       (1683022032954433536, 3, '03', '04C', 0, '南京', '海宁', 8100, 0, '2023-07-23 15:51:34', '2023-07-23 15:51:34',
        0),
       (1683022032962822144, 3, '03', '04D', 0, '南京', '海宁', 8100, 0, '2023-07-23 15:51:34', '2023-07-23 15:51:34',
        0),
       (1683022032971210752, 3, '03', '04F', 0, '南京', '海宁', 8100, 0, '2023-07-23 15:51:34', '2023-07-23 15:51:34',
        0),
       (1683022032979599360, 3, '03', '05A', 0, '南京', '海宁', 8100, 0, '2023-07-23 15:51:34', '2023-07-23 15:51:34',
        0),
       (1683022032983793664, 3, '03', '05C', 0, '南京', '海宁', 8100, 0, '2023-07-23 15:51:34', '2023-07-23 15:51:34',
        0),
       (1683022032992182272, 3, '03', '05D', 0, '南京', '海宁', 8100, 0, '2023-07-23 15:51:34', '2023-07-23 15:51:34',
        0),
       (1683022033000570880, 3, '03', '05F', 0, '南京', '海宁', 8100, 0, '2023-07-23 15:51:34', '2023-07-23 15:51:34',
        0),
       (1683022033004765184, 3, '03', '06A', 0, '南京', '海宁', 8100, 0, '2023-07-23 15:51:34', '2023-07-23 15:51:34',
        0),
       (1683022033013153792, 3, '03', '06C', 0, '南京', '海宁', 8100, 0, '2023-07-23 15:51:34', '2023-07-23 15:51:34',
        0),
       (1683022033021542400, 3, '03', '06D', 0, '南京', '海宁', 8100, 0, '2023-07-23 15:51:34', '2023-07-23 15:51:34',
        0),
       (1683022033025736704, 3, '03', '06F', 0, '南京', '海宁', 8100, 0, '2023-07-23 15:51:34', '2023-07-23 15:51:34',
        0),
       (1683022033034125312, 3, '04', '01A', 0, '南京', '海宁', 8100, 0, '2023-07-23 15:51:34', '2023-07-23 15:51:34',
        0),
       (1683022033042513920, 3, '04', '01D', 0, '南京', '海宁', 8100, 0, '2023-07-23 15:51:34', '2023-07-23 15:51:34',
        0),
       (1683022033046708224, 3, '04', '01F', 0, '南京', '海宁', 8100, 0, '2023-07-23 15:51:34', '2023-07-23 15:51:34',
        0),
       (1683022033055096832, 3, '04', '02A', 0, '南京', '海宁', 8100, 0, '2023-07-23 15:51:34', '2023-07-23 15:51:34',
        0),
       (1683022033059291136, 3, '04', '02C', 0, '南京', '海宁', 8100, 0, '2023-07-23 15:51:34', '2023-07-23 15:51:34',
        0),
       (1683022033067679744, 3, '04', '02D', 0, '南京', '海宁', 8100, 0, '2023-07-23 15:51:34', '2023-07-23 15:51:34',
        0),
       (1683022033076068352, 3, '04', '02F', 0, '南京', '海宁', 8100, 0, '2023-07-23 15:51:34', '2023-07-23 15:51:34',
        0),
       (1683022033080262656, 3, '04', '03A', 0, '南京', '海宁', 8100, 0, '2023-07-23 15:51:34', '2023-07-23 15:51:34',
        0),
       (1683022033088651264, 3, '04', '03C', 0, '南京', '海宁', 8100, 0, '2023-07-23 15:51:34', '2023-07-23 15:51:34',
        0),
       (1683022033097039872, 3, '04', '03D', 0, '南京', '海宁', 8100, 0, '2023-07-23 15:51:34', '2023-07-23 15:51:34',
        0),
       (1683022033101234176, 3, '04', '03F', 0, '南京', '海宁', 8100, 0, '2023-07-23 15:51:34', '2023-07-23 15:51:34',
        0);
